trial,time_ms,pressure_kpa,distance_mm
1,0,2.876,10.13
1,20,2.699,10.36
1,40,2.582,10.52
1,60,2.442,10.67
1,80,2.346,11.01
1,100,2.226,11.38
1,120,2.166,11.32
1,140,2.106,11.59
1,160,2.142,11.47
1,180,2.014,11.89
1,200,1.961,12.1
1,220,1.969,12.44
1,240,1.976,12.39
1,260,1.975,11.95
1,280,1.92,11.99
1,300,1.971,11.4
1,320,1.962,11.04
1,340,1.92,11.03
1,360,1.947,11.0
1,380,1.943,10.86
1,400,1.881,10.9
1,420,1.998,10.79
1,440,1.893,10.55
1,460,1.896,10.62
1,480,1.851,10.31
1,500,1.893,10.4
1,520,1.955,10.03
1,540,1.871,9.97
1,560,1.882,10.35
1,580,1.84,10.27
1,600,1.878,10.17
1,620,1.872,10.22
1,640,1.896,10.1
1,660,1.865,10.53
1,680,1.918,10.21
1,700,1.942,10.36
1,720,1.864,10.29
1,740,1.851,10.06
1,760,1.924,10.33
1,780,1.869,9.93
1,800,1.882,10.17
1,820,1.887,10.16
1,840,1.855,10.45
1,860,1.859,10.23
1,880,1.903,10.45
1,900,1.877,10.22
1,920,1.883,10.1
1,940,1.831,10.17
1,960,1.906,10.27
1,980,1.874,10.04
1,1000,1.859,10.26
1,1020,1.918,10.2
1,1040,1.862,10.14
1,1060,1.972,9.97
1,1080,1.855,10.06
1,1100,1.88,10.07
1,1120,1.908,10.17
1,1140,1.87,10.06
1,1160,1.893,10.16
1,1180,1.866,10.08
1,1200,1.848,10.39
1,1220,1.891,10.25
1,1240,1.863,10.1
1,1260,1.933,10.38
1,1280,1.867,9.99
1,1300,1.828,10.21
1,1320,1.894,10.17
1,1340,1.895,10.0
1,1360,1.891,9.91
1,1380,1.805,9.95
1,1400,1.899,10.27
1,1420,1.932,9.99
1,1440,1.901,10.15
1,1460,1.891,10.0
1,1480,1.904,10.13
2,0,3.047,10.68
2,20,2.8,10.81
2,40,2.658,10.85
2,60,2.441,11.4
2,80,2.369,11.38
2,100,2.31,11.29
2,120,2.16,11.77
2,140,2.071,11.86
2,160,2.019,12.17
2,180,2.019,12.22
2,200,1.99,12.51
2,220,1.939,12.69
2,240,1.934,12.52
2,260,1.914,11.95
2,280,1.886,12.0
2,300,1.872,11.57
2,320,1.868,11.74
2,340,1.831,11.64
2,360,1.833,11.6
2,380,1.837,11.27
2,400,1.857,11.4
2,420,1.821,11.01
2,440,1.873,11.05
2,460,1.847,10.96
2,480,1.855,11.1
2,500,1.84,10.57
2,520,1.818,10.88
2,540,1.792,10.69
2,560,1.84,10.95
2,580,1.816,10.7
2,600,1.825,10.72
2,620,1.84,10.74
2,640,1.829,10.55
2,660,1.896,10.57
2,680,1.78,10.76
2,700,1.781,10.59
2,720,1.808,10.74
2,740,1.798,10.75
2,760,1.782,10.85
2,780,1.834,10.72
2,800,1.84,10.68
2,820,1.759,10.53
2,840,1.813,10.53
2,860,1.808,10.68
2,880,1.771,10.45
2,900,1.821,10.76
2,920,1.875,10.91
2,940,1.841,10.71
2,960,1.776,10.57
2,980,1.86,10.9
2,1000,1.797,10.59
2,1020,1.82,10.76
2,1040,1.803,10.47
2,1060,1.821,10.76
2,1080,1.78,10.99
2,1100,1.82,10.76
2,1120,1.773,10.53
2,1140,1.844,10.5
2,1160,1.756,10.9
2,1180,1.745,10.62
2,1200,1.831,10.63
2,1220,1.795,10.65
2,1240,1.823,10.54
2,1260,1.789,10.85
2,1280,1.837,10.43
2,1300,1.791,10.61
2,1320,1.852,10.74
2,1340,1.819,10.59
2,1360,1.817,10.52
2,1380,1.8,10.74
2,1400,1.758,10.75
2,1420,1.857,10.65
2,1440,1.828,10.52
2,1460,1.835,10.85
2,1480,1.842,10.51
3,0,2.918,9.39
3,20,2.638,8.95
3,40,2.424,8.88
3,60,2.193,8.59
3,80,2.028,8.41
3,100,1.909,8.61
3,120,1.79,9.06
3,140,1.672,9.03
3,160,1.625,9.12
3,180,1.612,9.47
3,200,1.569,9.25
3,220,1.468,9.48
3,240,1.501,9.32
3,260,1.467,9.25
3,280,1.444,9.36
3,300,1.446,9.08
3,320,1.339,9.25
3,340,1.369,9.3
3,360,1.376,9.39
3,380,1.4,9.36
3,400,1.341,9.2
3,420,1.364,9.24
3,440,1.386,9.44
3,460,1.318,9.61
3,480,1.358,9.43
3,500,1.34,9.19
3,520,1.39,9.26
3,540,1.296,9.4
3,560,1.359,9.41
3,580,1.342,9.51
3,600,1.347,9.11
3,620,1.35,9.54
3,640,1.322,9.33
3,660,1.303,9.34
3,680,1.379,9.41
3,700,1.337,9.65
3,720,1.321,9.41
3,740,1.343,9.31
3,760,1.325,9.57
3,780,1.341,9.51
3,800,1.307,9.49
3,820,1.292,9.47
3,840,1.331,9.6
3,860,1.314,9.7
3,880,1.303,9.22
3,900,1.332,9.12
3,920,1.315,9.09
3,940,1.3,9.39
3,960,1.356,9.39
3,980,1.295,9.23
3,1000,1.328,9.19
3,1020,1.346,9.39
3,1040,1.357,9.37
3,1060,1.367,9.32
3,1080,1.35,9.47
3,1100,1.289,9.32
3,1120,1.346,9.54
3,1140,1.325,9.25
3,1160,1.364,9.44
3,1180,1.311,9.56
3,1200,1.278,9.3
3,1220,1.304,9.41
3,1240,1.335,9.54
3,1260,1.275,9.4
3,1280,1.325,9.55
3,1300,1.296,9.39
3,1320,1.321,9.31
3,1340,1.365,9.43
3,1360,1.338,9.53
3,1380,1.306,9.33
3,1400,1.363,9.48
3,1420,1.364,9.54
3,1440,1.339,9.55
3,1460,1.331,9.37
3,1480,1.321,9.35
4,0,3.024,8.24
4,20,2.706,7.82
4,40,2.465,7.59
4,60,2.297,7.95
4,80,2.134,7.38
4,100,1.998,7.18
4,120,1.905,7.01
4,140,1.783,6.78
4,160,1.785,6.44
4,180,1.744,6.47
4,200,1.656,5.85
4,220,1.644,5.59
4,240,1.573,5.73
4,260,1.542,5.28
4,280,1.576,4.95
4,300,1.505,5.55
4,320,1.493,5.83
4,340,1.491,6.09
4,360,1.458,6.02
4,380,1.528,6.5
4,400,1.518,6.62
4,420,1.42,6.96
4,440,1.463,6.99
4,460,1.454,6.96
4,480,1.478,7.5
4,500,1.46,7.57
4,520,1.458,7.36
4,540,1.502,7.4
4,560,1.457,7.6
4,580,1.485,7.83
4,600,1.418,7.69
4,620,1.426,8.1
4,640,1.462,7.65
4,660,1.435,7.85
4,680,1.519,8.01
4,700,1.481,8.01
4,720,1.41,8.07
4,740,1.425,8.03
4,760,1.449,7.99
4,780,1.45,8.0
4,800,1.472,8.15
4,820,1.413,7.92
4,840,1.435,8.02
4,860,1.469,8.24
4,880,1.469,8.06
4,900,1.482,8.24
4,920,1.416,8.2
4,940,1.45,8.37
4,960,1.46,8.16
4,980,1.423,8.18
4,1000,1.439,8.13
4,1020,1.447,8.46
4,1040,1.474,8.17
4,1060,1.468,8.24
4,1080,1.422,8.26
4,1100,1.374,8.27
4,1120,1.429,8.25
4,1140,1.423,8.28
4,1160,1.42,8.08
4,1180,1.399,7.95
4,1200,1.426,8.36
4,1220,1.467,8.21
4,1240,1.432,8.28
4,1260,1.45,8.35
4,1280,1.517,8.21
4,1300,1.409,8.14
4,1320,1.45,8.32
4,1340,1.481,8.27
4,1360,1.513,8.09
4,1380,1.507,8.3
4,1400,1.455,8.35
4,1420,1.45,8.11
4,1440,1.432,8.27
4,1460,1.38,8.44
4,1480,1.459,8.4
5,0,2.915,9.08
5,20,2.815,8.47
5,40,2.573,8.1
5,60,2.458,8.14
5,80,2.392,7.84
5,100,2.271,7.59
5,120,2.18,7.3
5,140,2.128,6.85
5,160,2.085,6.76
5,180,1.977,6.47
5,200,2.0,6.07
5,220,1.935,6.27
5,240,1.904,5.63
5,260,1.904,5.68
5,280,1.889,5.08
5,300,1.858,5.27
5,320,1.886,5.01
5,340,1.916,5.22
5,360,1.852,5.53
5,380,1.889,6.11
5,400,1.784,6.12
5,420,1.848,6.3
5,440,1.849,6.74
5,460,1.854,6.78
5,480,1.854,7.09
5,500,1.825,7.53
5,520,1.804,7.07
5,540,1.836,7.76
5,560,1.844,7.65
5,580,1.801,7.77
5,600,1.779,7.67
5,620,1.869,8.04
5,640,1.807,7.92
5,660,1.848,8.23
5,680,1.871,8.07
5,700,1.811,8.32
5,720,1.809,8.25
5,740,1.813,8.6
5,760,1.821,8.23
5,780,1.856,8.37
5,800,1.826,8.61
5,820,1.823,8.05
5,840,1.8,8.42
5,860,1.841,8.46
5,880,1.87,8.41
5,900,1.795,8.41
5,920,1.867,8.66
5,940,1.817,8.77
5,960,1.817,8.62
5,980,1.824,8.86
5,1000,1.849,8.68
5,1020,1.819,8.5
5,1040,1.883,9.08
5,1060,1.814,8.84
5,1080,1.869,8.92
5,1100,1.831,8.48
5,1120,1.83,8.61
5,1140,1.759,8.95
5,1160,1.869,8.75
5,1180,1.876,8.49
5,1200,1.828,8.44
5,1220,1.813,8.83
5,1240,1.801,8.79
5,1260,1.817,8.92
5,1280,1.809,8.81
5,1300,1.869,8.7
5,1320,1.831,8.94
5,1340,1.861,8.88
5,1360,1.862,8.66
5,1380,1.822,8.61
5,1400,1.848,8.73
5,1420,1.794,8.71
5,1440,1.883,8.8
5,1460,1.844,9.02
5,1480,1.778,8.7
6,0,3.134,8.06
6,20,3.01,7.95
6,40,2.881,7.77
6,60,2.735,7.37
6,80,2.586,7.34
6,100,2.594,7.08
6,120,2.552,6.62
6,140,2.468,6.37
6,160,2.46,6.1
6,180,2.372,5.62
6,200,2.316,5.55
6,220,2.341,5.37
6,240,2.305,5.7
6,260,2.283,5.98
6,280,2.306,6.26
6,300,2.276,6.7
6,320,2.262,6.6
6,340,2.29,6.84
6,360,2.268,7.04
6,380,2.268,7.16
6,400,2.264,7.03
6,420,2.276,7.03
6,440,2.266,7.35
6,460,2.229,7.26
6,480,2.214,7.37
6,500,2.234,7.4
6,520,2.218,7.44
6,540,2.187,7.43
6,560,2.247,7.51
6,580,2.238,7.61
6,600,2.211,8.12
6,620,2.313,7.61
6,640,2.209,7.69
6,660,2.349,7.58
6,680,2.228,7.83
6,700,2.258,7.7
6,720,2.284,7.75
6,740,2.247,8.11
6,760,2.241,7.83
6,780,2.2,8.03
6,800,2.228,8.19
6,820,2.182,7.86
6,840,2.209,8.09
6,860,2.292,7.92
6,880,2.258,7.91
6,900,2.289,7.89
6,920,2.193,7.92
6,940,2.249,7.95
6,960,2.232,7.88
6,980,2.231,7.92
6,1000,2.25,7.86
6,1020,2.224,8.03
6,1040,2.249,7.83
6,1060,2.179,7.99
6,1080,2.265,7.8
6,1100,2.256,7.91
6,1120,2.201,8.23
6,1140,2.233,8.04
6,1160,2.199,8.11
6,1180,2.241,7.87
6,1200,2.217,7.93
6,1220,2.198,7.82
6,1240,2.273,7.69
6,1260,2.234,7.87
6,1280,2.253,7.83
6,1300,2.259,8.03
6,1320,2.215,7.93
6,1340,2.268,7.77
6,1360,2.271,7.77
6,1380,2.246,7.72
6,1400,2.229,8.05
6,1420,2.211,7.76
6,1440,2.213,7.82
6,1460,2.197,7.86
6,1480,2.245,7.96
7,0,2.952,6.41
7,20,2.758,6.3
7,40,2.543,6.76
7,60,2.425,6.96
7,80,2.315,6.86
7,100,2.318,6.82
7,120,2.232,6.7
7,140,2.169,6.54
7,160,2.088,6.58
7,180,2.026,6.54
7,200,2.027,6.43
7,220,1.977,6.64
7,240,1.958,6.28
7,260,1.993,6.28
7,280,1.935,6.27
7,300,2.002,5.99
7,320,1.895,6.23
7,340,1.873,6.29
7,360,1.871,5.96
7,380,1.946,6.22
7,400,1.851,6.24
7,420,1.971,6.12
7,440,1.88,6.37
7,460,1.867,6.21
7,480,1.867,6.24
7,500,1.918,6.02
7,520,1.873,6.16
7,540,1.89,6.18
7,560,1.881,6.12
7,580,1.886,6.34
7,600,1.903,6.06
7,620,1.878,6.08
7,640,1.84,6.0
7,660,1.847,6.37
7,680,1.912,6.12
7,700,1.892,6.72
7,720,1.845,6.28
7,740,1.9,6.37
7,760,1.893,5.88
7,780,1.886,6.15
7,800,1.9,6.33
7,820,1.846,5.98
7,840,1.898,6.04
7,860,1.904,6.14
7,880,1.893,5.94
7,900,1.899,6.35
7,920,1.843,6.32
7,940,1.846,6.29
7,960,1.85,6.3
7,980,1.843,6.26
7,1000,1.844,6.17
7,1020,1.891,6.14
7,1040,1.857,6.4
7,1060,1.872,6.12
7,1080,1.886,6.32
7,1100,1.841,6.18
7,1120,1.877,6.22
7,1140,1.859,6.37
7,1160,1.843,6.11
7,1180,1.819,6.44
7,1200,1.901,5.89
7,1220,1.878,6.3
7,1240,1.883,6.16
7,1260,1.869,6.1
7,1280,1.876,5.9
7,1300,1.901,6.07
7,1320,1.886,6.28
7,1340,1.901,6.21
7,1360,1.851,5.95
7,1380,1.839,6.02
7,1400,1.855,5.99
7,1420,1.831,6.06
7,1440,1.874,6.3
7,1460,1.802,6.21
7,1480,1.885,6.13
8,0,2.901,6.6
8,20,2.677,7.05
8,40,2.538,7.07
8,60,2.29,7.24
8,80,2.245,7.63
8,100,2.107,7.44
8,120,2.033,7.14
8,140,1.936,7.09
8,160,1.935,7.18
8,180,1.868,7.04
8,200,1.783,6.94
8,220,1.784,6.86
8,240,1.849,7.03
8,260,1.751,7.01
8,280,1.71,7.13
8,300,1.689,6.87
8,320,1.727,6.97
8,340,1.701,6.75
8,360,1.682,6.7
8,380,1.664,6.59
8,400,1.7,6.69
8,420,1.639,6.77
8,440,1.671,6.71
8,460,1.695,6.7
8,480,1.687,6.58
8,500,1.691,6.71
8,520,1.656,6.83
8,540,1.648,6.9
8,560,1.631,6.68
8,580,1.662,6.67
8,600,1.668,6.59
8,620,1.684,7.0
8,640,1.634,6.72
8,660,1.643,6.74
8,680,1.627,6.6
8,700,1.703,6.81
8,720,1.715,6.5
8,740,1.64,6.67
8,760,1.668,6.81
8,780,1.669,6.76
8,800,1.642,6.72
8,820,1.641,6.92
8,840,1.662,6.53
8,860,1.632,6.52
8,880,1.624,6.88
8,900,1.651,6.85
8,920,1.649,6.85
8,940,1.666,6.56
8,960,1.614,6.54
8,980,1.638,6.6
8,1000,1.668,6.87
8,1020,1.66,6.86
8,1040,1.695,6.67
8,1060,1.651,6.78
8,1080,1.637,6.59
8,1100,1.617,6.39
8,1120,1.644,6.71
8,1140,1.632,6.88
8,1160,1.691,6.79
8,1180,1.653,6.34
8,1200,1.67,6.46
8,1220,1.58,6.94
8,1240,1.675,6.9
8,1260,1.665,6.94
8,1280,1.651,6.9
8,1300,1.635,6.61
8,1320,1.638,6.85
8,1340,1.608,6.75
8,1360,1.667,6.92
8,1380,1.676,6.65
8,1400,1.643,6.58
8,1420,1.712,6.71
8,1440,1.644,6.92
8,1460,1.663,6.75
8,1480,1.596,6.54
9,0,2.89,7.62
9,20,2.694,7.65
9,40,2.534,8.0
9,60,2.439,8.03
9,80,2.35,8.35
9,100,2.261,8.65
9,120,2.244,9.02
9,140,2.115,9.06
9,160,2.073,9.44
9,180,2.012,9.67
9,200,1.934,9.9
9,220,1.958,9.65
9,240,1.985,9.1
9,260,1.945,9.02
9,280,1.957,8.81
9,300,1.842,8.49
9,320,1.914,8.37
9,340,1.902,7.96
9,360,1.904,8.05
9,380,1.915,7.89
9,400,1.873,7.7
9,420,1.909,7.71
9,440,1.866,7.48
9,460,1.906,7.48
9,480,1.847,7.86
9,500,1.878,7.64
9,520,1.834,7.26
9,540,1.797,7.74
9,560,1.863,7.69
9,580,1.798,7.41
9,600,1.84,7.53
9,620,1.796,7.75
9,640,1.893,7.52
9,660,1.907,7.53
9,680,1.868,7.67
9,700,1.836,7.67
9,720,1.851,7.43
9,740,1.844,7.61
9,760,1.842,7.45
9,780,1.841,7.7
9,800,1.854,7.9
9,820,1.805,7.67
9,840,1.826,7.58
9,860,1.897,7.49
9,880,1.826,7.53
9,900,1.81,7.51
9,920,1.842,7.61
9,940,1.899,7.54
9,960,1.827,7.32
9,980,1.839,7.48
9,1000,1.866,7.52
9,1020,1.851,7.7
9,1040,1.81,7.6
9,1060,1.883,7.8
9,1080,1.838,7.53
9,1100,1.839,7.44
9,1120,1.866,7.65
9,1140,1.827,7.47
9,1160,1.864,7.36
9,1180,1.883,7.9
9,1200,1.857,7.72
9,1220,1.837,7.1
9,1240,1.832,7.41
9,1260,1.849,7.34
9,1280,1.839,7.67
9,1300,1.847,7.81
9,1320,1.882,7.41
9,1340,1.804,7.37
9,1360,1.815,7.54
9,1380,1.852,7.73
9,1400,1.824,7.59
9,1420,1.809,7.58
9,1440,1.802,7.48
9,1460,1.831,7.57
9,1480,1.809,7.58
10,0,2.998,7.36
10,20,2.697,7.21
10,40,2.521,6.78
10,60,2.267,6.78
10,80,2.149,6.53
10,100,1.967,6.36
10,120,1.874,6.02
10,140,1.8,5.82
10,160,1.736,5.04
10,180,1.67,4.86
10,200,1.617,4.86
10,220,1.556,4.38
10,240,1.55,4.22
10,260,1.553,4.55
10,280,1.548,4.67
10,300,1.513,4.88
10,320,1.485,5.35
10,340,1.446,5.74
10,360,1.457,5.99
10,380,1.44,6.43
10,400,1.462,6.43
10,420,1.478,6.22
10,440,1.366,6.37
10,460,1.461,6.77
10,480,1.419,6.75
10,500,1.445,7.07
10,520,1.444,6.82
10,540,1.404,6.8
10,560,1.353,6.88
10,580,1.455,6.92
10,600,1.401,6.98
10,620,1.443,7.01
10,640,1.431,7.22
10,660,1.38,7.23
10,680,1.44,7.13
10,700,1.438,7.29
10,720,1.448,6.85
10,740,1.479,7.26
10,760,1.415,7.28
10,780,1.388,7.47
10,800,1.394,7.51
10,820,1.438,7.58
10,840,1.392,7.48
10,860,1.423,7.38
10,880,1.397,7.11
10,900,1.375,7.56
10,920,1.395,7.62
10,940,1.379,7.48
10,960,1.427,7.51
10,980,1.454,7.61
10,1000,1.42,7.63
10,1020,1.453,7.26
10,1040,1.4,7.25
10,1060,1.427,7.56
10,1080,1.413,7.69
10,1100,1.405,7.2
10,1120,1.403,7.48
10,1140,1.406,7.67
10,1160,1.427,7.24
10,1180,1.464,7.29
10,1200,1.371,7.5
10,1220,1.484,7.62
10,1240,1.44,7.16
10,1260,1.419,7.54
10,1280,1.428,7.52
10,1300,1.456,7.36
10,1320,1.472,7.26
10,1340,1.378,7.69
10,1360,1.456,7.46
10,1380,1.408,7.39
10,1400,1.448,7.41
10,1420,1.413,7.37
10,1440,1.407,7.55
10,1460,1.373,7.34
10,1480,1.378,7.24
11,0,3.067,8.63
11,20,2.79,8.19
11,40,2.652,7.89
11,60,2.413,7.3
11,80,2.244,7.1
11,100,2.156,6.78
11,120,2.07,6.15
11,140,2.02,5.96
11,160,1.961,5.39
11,180,1.806,5.03
11,200,1.821,4.72
11,220,1.816,4.1
11,240,1.791,4.58
11,260,1.759,5.23
11,280,1.732,5.85
11,300,1.73,6.02
11,320,1.749,6.55
11,340,1.701,6.94
11,360,1.658,7.03
11,380,1.628,7.4
11,400,1.654,7.41
11,420,1.659,7.75
11,440,1.637,8.08
11,460,1.642,8.14
11,480,1.651,8.12
11,500,1.643,7.93
11,520,1.612,8.23
11,540,1.625,8.11
11,560,1.663,8.17
11,580,1.586,8.47
11,600,1.658,8.45
11,620,1.626,8.5
11,640,1.63,8.56
11,660,1.632,8.39
11,680,1.722,8.59
11,700,1.619,8.66
11,720,1.628,8.86
11,740,1.606,8.76
11,760,1.614,8.97
11,780,1.666,8.81
11,800,1.632,8.71
11,820,1.653,8.86
11,840,1.638,8.61
11,860,1.61,8.64
11,880,1.668,8.69
11,900,1.71,9.03
11,920,1.607,8.79
11,940,1.68,8.65
11,960,1.622,8.57
11,980,1.684,8.72
11,1000,1.665,8.65
11,1020,1.627,9.0
11,1040,1.586,8.88
11,1060,1.625,8.8
11,1080,1.644,8.42
11,1100,1.581,8.87
11,1120,1.609,8.6
11,1140,1.623,8.73
11,1160,1.602,8.67
11,1180,1.618,8.86
11,1200,1.625,8.8
11,1220,1.627,8.88
11,1240,1.635,8.95
11,1260,1.669,8.95
11,1280,1.659,8.6
11,1300,1.603,9.08
11,1320,1.621,8.81
11,1340,1.647,8.88
11,1360,1.671,8.72
11,1380,1.628,8.69
11,1400,1.69,8.97
11,1420,1.655,8.74
11,1440,1.584,8.85
11,1460,1.596,8.67
11,1480,1.619,8.74
12,0,3.049,7.17
12,20,2.839,6.76
12,40,2.612,6.89
12,60,2.504,6.35
12,80,2.313,5.81
12,100,2.236,5.73
12,120,2.112,5.57
12,140,2.073,5.64
12,160,2.025,5.3
12,180,1.902,5.05
12,200,1.957,5.49
12,220,1.907,5.6
12,240,1.855,5.8
12,260,1.797,5.97
12,280,1.821,6.42
12,300,1.807,6.26
12,320,1.789,6.46
12,340,1.771,6.23
12,360,1.814,6.79
12,380,1.746,6.71
12,400,1.692,6.51
12,420,1.745,6.54
12,440,1.71,6.81
12,460,1.741,6.84
12,480,1.685,6.92
12,500,1.775,6.96
12,520,1.718,6.99
12,540,1.709,7.14
12,560,1.663,7.21
12,580,1.734,7.33
12,600,1.702,7.09
12,620,1.659,7.09
12,640,1.728,7.09
12,660,1.758,7.06
12,680,1.707,7.25
12,700,1.731,6.94
12,720,1.709,6.84
12,740,1.745,7.28
12,760,1.772,7.13
12,780,1.76,7.06
12,800,1.68,7.04
12,820,1.72,7.32
12,840,1.761,7.13
12,860,1.756,7.27
12,880,1.694,7.1
12,900,1.729,7.09
12,920,1.725,7.15
12,940,1.714,7.38
12,960,1.716,7.23
12,980,1.739,7.09
12,1000,1.744,7.2
12,1020,1.698,7.05
12,1040,1.746,7.21
12,1060,1.762,7.24
12,1080,1.721,7.14
12,1100,1.655,7.09
12,1120,1.684,7.42
12,1140,1.678,7.15
12,1160,1.707,7.36
12,1180,1.792,7.3
12,1200,1.722,7.06
12,1220,1.715,7.37
12,1240,1.654,7.13
12,1260,1.664,7.24
12,1280,1.672,7.35
12,1300,1.681,7.14
12,1320,1.682,7.27
12,1340,1.712,7.09
12,1360,1.71,7.29
12,1380,1.66,7.38
12,1400,1.753,7.29
12,1420,1.768,7.38
12,1440,1.734,7.02
12,1460,1.683,7.2
12,1480,1.698,7.36
13,0,3.055,6.39
13,20,2.863,6.19
13,40,2.721,6.03
13,60,2.544,5.64
13,80,2.499,5.8
13,100,2.387,5.48
13,120,2.339,5.09
13,140,2.296,5.06
13,160,2.14,4.68
13,180,2.223,4.31
13,200,2.168,4.4
13,220,2.13,4.87
13,240,2.087,5.38
13,260,2.127,5.43
13,280,2.133,5.7
13,300,2.067,5.41
13,320,2.04,5.85
13,340,1.957,5.67
13,360,2.045,5.5
13,380,2.042,5.67
13,400,2.058,5.88
13,420,2.037,5.96
13,440,1.982,6.14
13,460,2.025,6.21
13,480,1.967,5.76
13,500,1.998,6.14
13,520,2.028,6.27
13,540,2.025,5.9
13,560,1.993,6.21
13,580,2.017,6.3
13,600,1.995,5.92
13,620,1.991,6.19
13,640,2.006,6.3
13,660,1.987,6.37
13,680,1.982,5.98
13,700,1.986,6.27
13,720,1.945,6.54
13,740,2.002,6.08
13,760,2.044,6.21
13,780,1.979,6.04
13,800,2.046,6.35
13,820,2.002,6.21
13,840,2.041,6.13
13,860,2.03,6.12
13,880,1.976,6.21
13,900,2.024,6.23
13,920,2.0,6.16
13,940,2.064,6.31
13,960,2.032,6.37
13,980,2.016,6.41
13,1000,2.024,6.11
13,1020,2.02,6.18
13,1040,2.016,6.24
13,1060,2.014,6.14
13,1080,1.993,6.0
13,1100,2.015,6.41
13,1120,2.0,6.24
13,1140,2.029,6.52
13,1160,1.982,6.08
13,1180,2.025,6.3
13,1200,1.991,6.38
13,1220,1.994,6.36
13,1240,2.051,6.37
13,1260,1.955,6.27
13,1280,1.982,6.48
13,1300,1.976,6.23
13,1320,2.032,6.29
13,1340,2.038,6.24
13,1360,1.985,6.2
13,1380,2.053,6.08
13,1400,2.017,6.01
13,1420,1.955,6.23
13,1440,2.024,6.23
13,1460,2.014,6.26
13,1480,1.968,6.44
14,0,2.935,5.87
14,20,2.703,5.72
14,40,2.524,5.76
14,60,2.345,5.83
14,80,2.283,5.41
14,100,2.27,5.51
14,120,2.194,5.45
14,140,2.099,5.1
14,160,2.035,5.31
14,180,2.011,5.63
14,200,1.916,5.86
14,220,1.905,5.59
14,240,1.959,5.52
14,260,1.958,5.83
14,280,1.899,6.02
14,300,1.915,5.73
14,320,1.839,5.8
14,340,1.871,5.75
14,360,1.862,6.13
14,380,1.858,6.15
14,400,1.933,5.91
14,420,1.854,6.26
14,440,1.797,5.88
14,460,1.835,6.07
14,480,1.85,6.09
14,500,1.873,6.1
14,520,1.816,6.08
14,540,1.854,5.93
14,560,1.857,5.89
14,580,1.834,6.16
14,600,1.781,5.94
14,620,1.785,5.89
14,640,1.82,6.07
14,660,1.859,5.93
14,680,1.834,6.09
14,700,1.864,6.15
14,720,1.854,5.83
14,740,1.809,5.8
14,760,1.853,6.22
14,780,1.838,6.17
14,800,1.786,6.29
14,820,1.834,6.03
14,840,1.863,6.38
14,860,1.809,6.23
14,880,1.846,6.42
14,900,1.902,5.93
14,920,1.806,5.86
14,940,1.803,6.04
14,960,1.84,6.16
14,980,1.889,6.1
14,1000,1.873,5.83
14,1020,1.876,5.96
14,1040,1.901,6.37
14,1060,1.797,6.05
14,1080,1.83,6.13
14,1100,1.854,5.82
14,1120,1.875,5.94
14,1140,1.823,6.23
14,1160,1.825,6.09
14,1180,1.925,6.01
14,1200,1.833,5.94
14,1220,1.82,6.23
14,1240,1.792,5.99
14,1260,1.853,6.26
14,1280,1.787,6.15
14,1300,1.84,6.16
14,1320,1.791,6.03
14,1340,1.806,6.07
14,1360,1.834,6.09
14,1380,1.858,6.03
14,1400,1.848,6.07
14,1420,1.862,6.14
14,1440,1.821,5.94
14,1460,1.836,6.22
14,1480,1.854,6.25
15,0,3.066,7.73
15,20,2.835,7.64
15,40,2.677,8.17
15,60,2.521,8.34
15,80,2.401,8.66
15,100,2.329,8.76
15,120,2.251,8.85
15,140,2.093,9.3
15,160,2.05,9.45
15,180,2.029,9.53
15,200,2.024,9.01
15,220,1.999,8.78
15,240,1.945,8.65
15,260,1.874,8.72
15,280,1.882,8.37
15,300,1.854,8.17
15,320,1.873,8.15
15,340,1.877,8.05
15,360,1.812,8.05
15,380,1.837,8.26
15,400,1.864,7.89
15,420,1.811,7.93
15,440,1.827,7.95
15,460,1.832,7.92
15,480,1.823,7.8
15,500,1.757,7.72
15,520,1.879,7.82
15,540,1.816,7.76
15,560,1.781,7.87
15,580,1.809,7.66
15,600,1.845,7.65
15,620,1.848,7.77
15,640,1.845,7.55
15,660,1.799,7.5
15,680,1.807,7.33
15,700,1.798,7.76
15,720,1.839,8.03
15,740,1.768,7.56
15,760,1.783,7.36
15,780,1.835,7.73
15,800,1.805,7.59
15,820,1.795,7.49
15,840,1.786,7.5
15,860,1.814,7.76
15,880,1.806,7.65
15,900,1.832,7.71
15,920,1.782,7.62
15,940,1.8,7.59
15,960,1.844,7.51
15,980,1.778,7.53
15,1000,1.905,7.93
15,1020,1.823,7.5
15,1040,1.814,7.68
15,1060,1.777,7.74
15,1080,1.842,7.54
15,1100,1.784,7.66
15,1120,1.831,7.58
15,1140,1.787,7.59
15,1160,1.824,7.66
15,1180,1.814,7.61
15,1200,1.832,7.58
15,1220,1.754,7.73
15,1240,1.784,7.61
15,1260,1.811,7.5
15,1280,1.835,7.47
15,1300,1.779,7.68
15,1320,1.86,7.71
15,1340,1.85,7.43
15,1360,1.798,7.74
15,1380,1.821,7.61
15,1400,1.843,7.65
15,1420,1.769,7.55
15,1440,1.795,7.38
15,1460,1.813,7.48
15,1480,1.834,7.65
16,0,3.081,9.19
16,20,2.766,9.05
16,40,2.591,9.12
16,60,2.452,9.0
16,80,2.345,9.0
16,100,2.249,8.82
16,120,2.113,8.68
16,140,2.085,8.57
16,160,2.033,8.63
16,180,1.939,8.67
16,200,1.834,8.53
16,220,1.893,8.84
16,240,1.899,9.15
16,260,1.861,9.08
16,280,1.844,9.15
16,300,1.869,9.38
16,320,1.808,9.4
16,340,1.808,9.02
16,360,1.828,9.02
16,380,1.793,9.22
16,400,1.797,9.55
16,420,1.806,9.28
16,440,1.775,9.23
16,460,1.79,9.09
16,480,1.737,9.35
16,500,1.782,9.39
16,520,1.716,9.38
16,540,1.811,9.15
16,560,1.781,9.57
16,580,1.742,8.91
16,600,1.801,9.57
16,620,1.741,9.35
16,640,1.766,9.51
16,660,1.811,9.19
16,680,1.801,8.91
16,700,1.743,9.37
16,720,1.728,9.43
16,740,1.803,9.21
16,760,1.751,9.29
16,780,1.78,9.42
16,800,1.774,9.37
16,820,1.784,9.28
16,840,1.758,9.22
16,860,1.74,9.32
16,880,1.823,9.32
16,900,1.76,9.58
16,920,1.807,9.67
16,940,1.698,9.43
16,960,1.761,9.65
16,980,1.807,9.56
16,1000,1.811,9.35
16,1020,1.719,9.47
16,1040,1.733,9.28
16,1060,1.753,9.25
16,1080,1.781,9.21
16,1100,1.718,9.15
16,1120,1.784,9.5
16,1140,1.833,9.29
16,1160,1.818,9.1
16,1180,1.766,9.35
16,1200,1.716,9.39
16,1220,1.731,9.33
16,1240,1.74,9.28
16,1260,1.778,9.52
16,1280,1.795,9.39
16,1300,1.787,9.38
16,1320,1.74,9.42
16,1340,1.746,9.18
16,1360,1.766,9.22
16,1380,1.755,9.33
16,1400,1.795,9.57
16,1420,1.768,9.28
16,1440,1.739,9.45
16,1460,1.764,9.73
16,1480,1.808,9.42
17,0,2.9,6.85
17,20,2.673,6.27
17,40,2.485,5.78
17,60,2.355,5.6
17,80,2.286,5.29
17,100,2.202,4.89
17,120,2.097,4.37
17,140,2.059,4.15
17,160,2.022,3.77
17,180,1.934,3.6
17,200,1.94,2.99
17,220,1.939,2.97
17,240,1.906,2.5
17,260,1.899,2.53
17,280,1.799,3.05
17,300,1.809,3.12
17,320,1.85,3.73
17,340,1.814,3.76
17,360,1.836,4.02
17,380,1.747,4.3
17,400,1.788,4.39
17,420,1.869,4.76
17,440,1.815,4.92
17,460,1.773,5.01
17,480,1.821,4.93
17,500,1.84,5.31
17,520,1.836,5.42
17,540,1.77,5.51
17,560,1.791,5.66
17,580,1.743,5.9
17,600,1.832,5.86
17,620,1.82,5.93
17,640,1.75,5.79
17,660,1.77,6.04
17,680,1.806,5.98
17,700,1.782,6.08
17,720,1.787,6.18
17,740,1.81,6.12
17,760,1.828,6.03
17,780,1.808,6.12
17,800,1.82,6.4
17,820,1.789,6.41
17,840,1.787,6.35
17,860,1.856,6.47
17,880,1.78,6.57
17,900,1.836,6.39
17,920,1.758,6.48
17,940,1.814,6.3
17,960,1.786,6.41
17,980,1.796,6.56
17,1000,1.751,6.88
17,1020,1.812,6.61
17,1040,1.763,6.33
17,1060,1.755,6.43
17,1080,1.82,6.51
17,1100,1.783,6.68
17,1120,1.858,6.59
17,1140,1.817,6.74
17,1160,1.805,6.8
17,1180,1.774,6.55
17,1200,1.791,6.69
17,1220,1.792,6.79
17,1240,1.819,6.51
17,1260,1.769,6.67
17,1280,1.826,6.45
17,1300,1.755,6.8
17,1320,1.833,6.87
17,1340,1.817,6.55
17,1360,1.786,6.52
17,1380,1.783,6.84
17,1400,1.791,6.46
17,1420,1.81,6.92
17,1440,1.805,6.69
17,1460,1.727,6.69
17,1480,1.776,6.61
18,0,3.048,9.91
18,20,2.761,9.96
18,40,2.601,10.2
18,60,2.505,10.01
18,80,2.406,10.06
18,100,2.304,10.41
18,120,2.244,10.43
18,140,2.147,10.77
18,160,2.029,10.98
18,180,2.065,11.04
18,200,2.04,11.0
18,220,1.986,11.34
18,240,1.984,11.09
18,260,2.004,10.93
18,280,1.992,10.61
18,300,1.949,10.32
18,320,1.932,10.12
18,340,1.983,10.37
18,360,1.893,10.18
18,380,1.911,10.25
18,400,1.933,10.04
18,420,1.85,10.14
18,440,1.898,9.93
18,460,1.848,9.73
18,480,1.88,9.85
18,500,1.888,9.72
18,520,1.892,9.76
18,540,1.889,10.03
18,560,1.927,10.06
18,580,1.867,9.91
18,600,1.86,9.71
18,620,1.885,9.81
18,640,1.896,9.81
18,660,1.876,9.76
18,680,1.873,9.58
18,700,1.881,9.83
18,720,1.912,9.71
18,740,1.842,9.79
18,760,1.86,9.7
18,780,1.897,9.71
18,800,1.935,9.79
18,820,1.877,9.64
18,840,1.914,9.8
18,860,1.906,9.55
18,880,1.881,9.81
18,900,1.907,9.66
18,920,1.897,9.77
18,940,1.834,9.6
18,960,1.877,9.69
18,980,1.862,9.77
18,1000,1.897,9.8
18,1020,1.914,9.59
18,1040,1.864,9.65
18,1060,1.885,9.74
18,1080,1.904,9.57
18,1100,1.862,9.7
18,1120,1.898,9.44
18,1140,1.889,9.72
18,1160,1.81,9.91
18,1180,1.926,9.89
18,1200,1.916,9.56
18,1220,1.854,9.58
18,1240,1.94,9.69
18,1260,1.887,9.76
18,1280,1.866,9.84
18,1300,1.932,9.93
18,1320,1.861,9.77
18,1340,1.894,9.86
18,1360,1.919,9.8
18,1380,1.858,9.77
18,1400,1.894,9.93
18,1420,1.904,9.75
18,1440,1.908,9.75
18,1460,1.88,9.73
18,1480,1.87,9.62
19,0,2.923,7.31
19,20,2.855,7.35
19,40,2.589,7.2
19,60,2.485,6.92
19,80,2.346,6.71
19,100,2.279,6.74
19,120,2.193,6.83
19,140,2.116,7.23
19,160,2.069,7.41
19,180,2.071,7.17
19,200,1.988,7.15
19,220,1.944,7.24
19,240,1.952,7.43
19,260,1.951,7.41
19,280,1.851,7.48
19,300,1.813,7.46
19,320,1.837,7.06
19,340,1.913,7.18
19,360,1.86,7.55
19,380,1.881,7.47
19,400,1.822,7.45
19,420,1.821,7.27
19,440,1.875,7.35
19,460,1.898,7.7
19,480,1.792,7.61
19,500,1.83,7.66
19,520,1.843,7.49
19,540,1.849,7.67
19,560,1.838,7.64
19,580,1.869,7.37
19,600,1.807,7.52
19,620,1.88,7.59
19,640,1.824,7.51
19,660,1.869,7.62
19,680,1.842,7.52
19,700,1.826,7.33
19,720,1.851,7.69
19,740,1.796,7.37
19,760,1.853,7.41
19,780,1.823,7.72
19,800,1.846,7.28
19,820,1.832,7.34
19,840,1.793,7.42
19,860,1.803,7.63
19,880,1.864,7.34
19,900,1.803,7.53
19,920,1.805,7.46
19,940,1.831,7.48
19,960,1.792,7.42
19,980,1.788,7.63
19,1000,1.822,7.39
19,1020,1.879,7.36
19,1040,1.802,7.31
19,1060,1.851,7.61
19,1080,1.84,7.45
19,1100,1.851,7.4
19,1120,1.771,7.22
19,1140,1.789,7.57
19,1160,1.803,7.46
19,1180,1.831,7.58
19,1200,1.803,7.43
19,1220,1.783,7.53
19,1240,1.839,7.63
19,1260,1.838,7.4
19,1280,1.861,7.21
19,1300,1.853,7.39
19,1320,1.783,7.6
19,1340,1.806,7.25
19,1360,1.862,7.5
19,1380,1.822,7.49
19,1400,1.832,7.59
19,1420,1.846,7.58
19,1440,1.818,7.54
19,1460,1.862,7.79
19,1480,1.826,7.61
20,0,3.041,11.05
20,20,2.819,11.37
20,40,2.631,11.18
20,60,2.504,11.58
20,80,2.413,12.06
20,100,2.331,12.22
20,120,2.231,12.61
20,140,2.168,13.01
20,160,2.079,13.33
20,180,2.076,13.46
20,200,2.081,13.87
20,220,2.007,14.27
20,240,2.024,14.59
20,260,1.982,14.37
20,280,1.997,14.95
20,300,1.961,15.15
20,320,1.945,15.48
20,340,1.932,15.68
20,360,1.973,14.98
20,380,1.904,14.46
20,400,1.893,14.1
20,420,1.855,13.63
20,440,1.925,13.22
20,460,1.907,13.16
20,480,1.918,12.76
20,500,1.883,12.89
20,520,1.876,12.65
20,540,1.915,12.31
20,560,1.925,11.91
20,580,1.897,12.19
20,600,1.884,11.68
20,620,1.885,11.85
20,640,1.876,11.83
20,660,1.881,11.67
20,680,1.905,11.54
20,700,1.889,11.5
20,720,1.867,11.35
20,740,1.87,11.37
20,760,1.871,11.18
20,780,1.831,11.21
20,800,1.905,11.37
20,820,1.866,10.9
20,840,1.877,10.82
20,860,1.889,11.36
20,880,1.858,10.88
20,900,1.896,11.15
20,920,1.869,10.88
20,940,1.882,11.11
20,960,1.917,11.24
20,980,1.826,11.09
20,1000,1.843,11.24
20,1020,1.928,10.98
20,1040,1.87,10.84
20,1060,1.912,11.06
20,1080,1.854,10.81
20,1100,1.902,10.85
20,1120,1.853,11.13
20,1140,1.895,11.12
20,1160,1.914,10.94
20,1180,1.93,10.81
20,1200,1.938,10.84
20,1220,1.849,11.09
20,1240,1.881,11.05
20,1260,1.932,10.87
20,1280,1.859,10.96
20,1300,1.844,10.91
20,1320,1.902,11.08
20,1340,1.869,11.07
20,1360,1.888,10.76
20,1380,1.892,10.9
20,1400,1.874,10.95
20,1420,1.855,10.89
20,1440,1.849,10.97
20,1460,1.877,10.85
20,1480,1.871,11.0
21,0,2.931,6.08
21,20,2.673,6.54
21,40,2.48,6.6
21,60,2.328,7.1
21,80,2.114,7.07
21,100,2.065,7.58
21,120,1.867,7.64
21,140,1.862,7.84
21,160,1.801,7.86
21,180,1.702,7.85
21,200,1.635,7.26
21,220,1.666,7.23
21,240,1.612,7.38
21,260,1.578,7.01
21,280,1.539,7.1
21,300,1.544,6.81
21,320,1.587,6.75
21,340,1.596,6.56
21,360,1.489,6.54
21,380,1.525,6.49
21,400,1.534,6.55
21,420,1.445,6.39
21,440,1.5,6.43
21,460,1.485,6.24
21,480,1.461,6.52
21,500,1.45,6.29
21,520,1.495,6.38
21,540,1.515,6.8
21,560,1.433,6.18
21,580,1.525,6.34
21,600,1.461,6.45
21,620,1.518,6.49
21,640,1.444,6.56
21,660,1.437,6.4
21,680,1.437,6.2
21,700,1.432,6.28
21,720,1.474,6.43
21,740,1.489,6.18
21,760,1.484,6.54
21,780,1.465,6.22
21,800,1.453,6.29
21,820,1.462,6.04
21,840,1.449,6.49
21,860,1.471,6.01
21,880,1.422,6.46
21,900,1.486,6.32
21,920,1.49,6.38
21,940,1.426,6.38
21,960,1.515,6.39
21,980,1.485,6.26
21,1000,1.513,6.14
21,1020,1.523,6.2
21,1040,1.494,6.23
21,1060,1.53,6.21
21,1080,1.484,5.99
21,1100,1.437,5.98
21,1120,1.501,6.57
21,1140,1.473,5.99
21,1160,1.49,6.2
21,1180,1.493,6.57
21,1200,1.489,6.35
21,1220,1.494,6.13
21,1240,1.455,6.43
21,1260,1.517,6.19
21,1280,1.439,6.32
21,1300,1.46,6.22
21,1320,1.471,6.28
21,1340,1.524,6.25
21,1360,1.518,6.41
21,1380,1.477,6.03
21,1400,1.495,6.46
21,1420,1.451,6.19
21,1440,1.467,6.43
21,1460,1.478,6.39
21,1480,1.477,6.27
22,0,2.931,7.58
22,20,2.645,7.86
22,40,2.426,8.4
22,60,2.23,8.89
22,80,2.086,8.93
22,100,1.987,9.28
22,120,1.943,10.2
22,140,1.79,9.99
22,160,1.776,10.78
22,180,1.659,11.0
22,200,1.705,11.43
22,220,1.589,11.75
22,240,1.552,12.04
22,260,1.476,12.02
22,280,1.538,11.48
22,300,1.45,11.25
22,320,1.472,10.82
22,340,1.502,10.76
22,360,1.462,10.31
22,380,1.455,9.9
22,400,1.49,9.74
22,420,1.483,9.59
22,440,1.437,9.49
22,460,1.453,9.31
22,480,1.396,8.84
22,500,1.458,8.58
22,520,1.422,8.53
22,540,1.475,8.57
22,560,1.422,8.32
22,580,1.365,8.48
22,600,1.415,8.49
22,620,1.429,8.2
22,640,1.399,7.89
22,660,1.387,8.08
22,680,1.423,8.1
22,700,1.425,8.11
22,720,1.402,7.84
22,740,1.401,8.21
22,760,1.439,8.14
22,780,1.393,8.07
22,800,1.439,7.47
22,820,1.426,7.84
22,840,1.36,7.94
22,860,1.394,7.88
22,880,1.388,7.71
22,900,1.455,7.98
22,920,1.414,7.76
22,940,1.45,7.87
22,960,1.472,7.57
22,980,1.41,7.82
22,1000,1.388,7.68
22,1020,1.429,7.65
22,1040,1.436,7.55
22,1060,1.377,7.79
22,1080,1.421,7.51
22,1100,1.404,7.73
22,1120,1.452,7.82
22,1140,1.41,7.94
22,1160,1.456,7.91
22,1180,1.421,7.45
22,1200,1.432,7.45
22,1220,1.376,7.68
22,1240,1.369,7.84
22,1260,1.354,7.59
22,1280,1.42,7.46
22,1300,1.395,7.75
22,1320,1.433,7.83
22,1340,1.421,7.93
22,1360,1.409,7.38
22,1380,1.395,7.61
22,1400,1.4,7.91
22,1420,1.411,7.39
22,1440,1.395,7.5
22,1460,1.382,7.59
22,1480,1.379,7.51
23,0,2.995,6.91
23,20,2.867,6.92
23,40,2.739,6.91
23,60,2.624,7.21
23,80,2.576,7.34
23,100,2.471,7.35
23,120,2.41,7.32
23,140,2.365,7.44
23,160,2.309,7.48
23,180,2.271,7.19
23,200,2.261,7.42
23,220,2.22,7.2
23,240,2.224,7.29
23,260,2.169,6.96
23,280,2.173,6.9
23,300,2.099,6.78
23,320,2.163,6.89
23,340,2.181,6.92
23,360,2.127,6.67
23,380,2.146,6.63
23,400,2.12,6.81
23,420,2.11,6.82
23,440,2.176,6.65
23,460,2.121,6.91
23,480,2.119,6.55
23,500,2.129,6.86
23,520,2.159,6.92
23,540,2.108,6.75
23,560,2.108,6.69
23,580,2.108,6.89
23,600,2.134,6.5
23,620,2.105,6.74
23,640,2.154,6.46
23,660,2.085,6.85
23,680,2.086,6.77
23,700,2.055,6.54
23,720,2.145,6.86
23,740,2.116,6.7
23,760,2.095,7.01
23,780,2.122,6.57
23,800,2.109,6.83
23,820,2.095,6.53
23,840,2.139,6.85
23,860,2.081,6.49
23,880,2.117,6.6
23,900,2.109,7.07
23,920,2.094,6.75
23,940,2.099,7.13
23,960,2.122,6.67
23,980,2.142,6.54
23,1000,2.092,6.74
23,1020,2.061,6.65
23,1040,2.049,6.66
23,1060,2.103,6.68
23,1080,2.1,6.66
23,1100,2.155,6.62
23,1120,2.112,6.96
23,1140,2.108,6.91
23,1160,2.093,6.7
23,1180,2.136,6.85
23,1200,2.122,6.55
23,1220,2.09,6.67
23,1240,2.06,6.74
23,1260,2.174,6.68
23,1280,2.083,6.81
23,1300,2.12,6.83
23,1320,2.1,6.7
23,1340,2.1,6.74
23,1360,2.14,6.72
23,1380,2.079,6.87
23,1400,2.166,6.67
23,1420,2.129,7.01
23,1440,2.154,6.98
23,1460,2.058,6.72
23,1480,2.079,6.73
24,0,3.106,7.58
24,20,2.962,7.35
24,40,2.764,7.76
24,60,2.591,7.69
24,80,2.476,8.31
24,100,2.402,8.54
24,120,2.312,8.42
24,140,2.28,8.61
24,160,2.166,9.1
24,180,2.219,9.24
24,200,2.151,9.46
24,220,2.173,9.81
24,240,2.141,9.18
24,260,2.095,8.85
24,280,2.074,8.53
24,300,2.114,8.27
24,320,2.077,8.22
24,340,2.064,7.98
24,360,2.031,8.05
24,380,2.013,7.66
24,400,2.026,7.52
24,420,2.009,7.6
24,440,2.05,7.52
24,460,2.044,7.61
24,480,2.046,7.24
24,500,2.037,7.46
24,520,2.05,7.37
24,540,2.039,7.24
24,560,1.985,7.29
24,580,2.02,7.55
24,600,2.02,7.28
24,620,1.992,7.17
24,640,1.996,7.41
24,660,1.967,6.95
24,680,1.995,7.17
24,700,1.982,7.53
24,720,2.043,7.07
24,740,2.083,7.14
24,760,1.992,7.27
24,780,1.988,7.25
24,800,2.036,7.51
24,820,2.052,7.26
24,840,2.012,7.28
24,860,2.008,7.37
24,880,2.019,7.25
24,900,1.973,7.07
24,920,1.994,7.3
24,940,2.041,7.34
24,960,1.94,7.07
24,980,1.975,7.22
24,1000,2.0,7.42
24,1020,2.045,7.28
24,1040,2.029,7.16
24,1060,2.036,7.44
24,1080,2.004,7.01
24,1100,2.041,7.2
24,1120,2.045,7.03
24,1140,2.02,7.16
24,1160,1.985,7.1
24,1180,1.986,7.06
24,1200,1.978,7.2
24,1220,2.007,7.17
24,1240,2.012,7.25
24,1260,1.993,7.22
24,1280,2.044,7.41
24,1300,2.029,7.05
24,1320,1.989,7.1
24,1340,2.015,7.11
24,1360,2.052,6.98
24,1380,1.996,6.82
24,1400,2.053,7.33
24,1420,1.99,7.42
24,1440,1.989,7.17
24,1460,2.006,7.37
24,1480,2.013,7.12
25,0,2.893,6.01
25,20,2.628,6.12
25,40,2.469,5.78
25,60,2.269,5.49
25,80,2.175,5.59
25,100,2.028,5.22
25,120,1.848,5.27
25,140,1.85,5.15
25,160,1.821,5.63
25,180,1.77,5.5
25,200,1.673,5.24
25,220,1.709,5.47
25,240,1.671,5.67
25,260,1.632,5.79
25,280,1.607,5.61
25,300,1.55,5.65
25,320,1.608,5.91
25,340,1.496,5.96
25,360,1.581,5.91
25,380,1.505,5.92
25,400,1.527,5.81
25,420,1.576,5.76
25,440,1.567,5.83
25,460,1.551,5.69
25,480,1.533,5.87
25,500,1.519,5.91
25,520,1.583,5.91
25,540,1.514,6.04
25,560,1.483,5.95
25,580,1.461,5.93
25,600,1.489,6.11
25,620,1.486,6.07
25,640,1.502,6.01
25,660,1.527,6.11
25,680,1.498,6.15
25,700,1.507,5.96
25,720,1.56,5.76
25,740,1.489,5.76
25,760,1.547,6.13
25,780,1.536,6.13
25,800,1.522,6.12
25,820,1.501,6.43
25,840,1.474,5.91
25,860,1.534,6.07
25,880,1.504,5.84
25,900,1.508,6.08
25,920,1.449,5.98
25,940,1.533,6.27
25,960,1.543,6.03
25,980,1.564,6.04
25,1000,1.514,5.76
25,1020,1.563,5.77
25,1040,1.514,6.05
25,1060,1.509,5.98
25,1080,1.512,6.23
25,1100,1.569,5.99
25,1120,1.501,5.85
25,1140,1.54,5.92
25,1160,1.486,5.75
25,1180,1.531,6.12
25,1200,1.516,6.13
25,1220,1.551,5.79
25,1240,1.564,5.87
25,1260,1.518,6.04
25,1280,1.498,6.14
25,1300,1.556,6.05
25,1320,1.537,6.01
25,1340,1.554,6.14
25,1360,1.48,6.11
25,1380,1.534,5.91
25,1400,1.549,6.2
25,1420,1.525,5.83
25,1440,1.495,5.93
25,1460,1.536,6.03
25,1480,1.511,5.96
26,0,2.997,8.77
26,20,2.768,9.08
26,40,2.569,9.41
26,60,2.538,9.64
26,80,2.392,9.77
26,100,2.325,10.32
26,120,2.25,10.76
26,140,2.116,11.0
26,160,2.106,11.0
26,180,2.004,10.47
26,200,2.026,10.17
26,220,2.016,9.84
26,240,1.986,9.83
26,260,1.94,9.63
26,280,1.913,9.37
26,300,1.995,9.28
26,320,1.89,8.78
26,340,1.908,8.69
26,360,1.936,9.05
26,380,1.884,8.96
26,400,1.902,9.12
26,420,1.869,8.66
26,440,1.924,8.43
26,460,1.862,8.62
26,480,1.877,8.81
26,500,1.861,8.65
26,520,1.825,8.73
26,540,1.852,8.71
26,560,1.895,8.5
26,580,1.819,8.63
26,600,1.904,8.76
26,620,1.877,8.47
26,640,1.884,8.83
26,660,1.884,8.76
26,680,1.878,8.43
26,700,1.934,8.65
26,720,1.889,8.51
26,740,1.899,8.39
26,760,1.918,8.55
26,780,1.865,8.38
26,800,1.879,8.72
26,820,1.917,8.62
26,840,1.874,8.48
26,860,1.868,8.4
26,880,1.878,8.76
26,900,1.851,8.59
26,920,1.926,8.76
26,940,1.895,8.64
26,960,1.809,8.64
26,980,1.902,8.71
26,1000,1.828,8.62
26,1020,1.851,8.39
26,1040,1.89,8.7
26,1060,1.84,8.39
26,1080,1.85,8.64
26,1100,1.873,8.51
26,1120,1.909,8.55
26,1140,1.85,8.38
26,1160,1.868,8.7
26,1180,1.86,8.49
26,1200,1.878,8.61
26,1220,1.862,8.58
26,1240,1.881,8.54
26,1260,1.825,8.77
26,1280,1.878,8.47
26,1300,1.846,8.6
26,1320,1.841,8.5
26,1340,1.855,8.5
26,1360,1.813,8.33
26,1380,1.893,8.67
26,1400,1.907,8.38
26,1420,1.892,8.48
26,1440,1.885,8.8
26,1460,1.862,8.73
26,1480,1.843,8.53
27,0,2.987,9.01
27,20,2.781,8.94
27,40,2.616,9.21
27,60,2.504,9.7
27,80,2.405,9.78
27,100,2.255,10.04
27,120,2.212,10.09
27,140,2.143,10.33
27,160,2.134,10.52
27,180,1.991,10.75
27,200,1.989,11.21
27,220,2.017,11.31
27,240,1.945,11.56
27,260,1.895,11.67
27,280,1.946,11.85
27,300,1.909,11.96
27,320,1.934,12.4
27,340,1.93,12.42
27,360,1.926,12.41
27,380,1.912,12.15
27,400,1.922,11.76
27,420,1.925,11.49
27,440,1.869,11.19
27,460,1.853,10.83
27,480,1.896,10.62
27,500,1.927,10.45
27,520,1.845,10.31
27,540,1.853,10.1
27,560,1.903,10.27
27,580,1.867,9.81
27,600,1.807,9.95
27,620,1.842,9.71
27,640,1.924,9.41
27,660,1.838,9.61
27,680,1.883,9.39
27,700,1.829,9.36
27,720,1.894,9.09
27,740,1.89,9.38
27,760,1.897,8.89
27,780,1.869,9.31
27,800,1.824,9.31
27,820,1.868,9.04
27,840,1.861,8.96
27,860,1.866,9.3
27,880,1.873,9.0
27,900,1.909,8.84
27,920,1.885,9.07
27,940,1.938,8.96
27,960,1.879,8.95
27,980,1.878,8.85
27,1000,1.835,8.98
27,1020,1.883,8.84
27,1040,1.827,8.59
27,1060,1.813,8.85
27,1080,1.81,8.9
27,1100,1.843,8.67
27,1120,1.914,9.04
27,1140,1.829,8.93
27,1160,1.865,9.1
27,1180,1.911,9.15
27,1200,1.836,8.81
27,1220,1.895,8.86
27,1240,1.923,8.93
27,1260,1.867,8.99
27,1280,1.881,8.98
27,1300,1.921,8.92
27,1320,1.891,9.13
27,1340,1.892,8.91
27,1360,1.844,8.67
27,1380,1.889,8.83
27,1400,1.9,8.79
27,1420,1.839,8.76
27,1440,1.833,8.81
27,1460,1.86,9.04
27,1480,1.895,8.84
28,0,3.087,10.01
28,20,2.91,9.55
28,40,2.712,9.19
28,60,2.634,9.32
28,80,2.561,9.24
28,100,2.483,9.28
28,120,2.381,9.31
28,140,2.37,9.16
28,160,2.339,9.37
28,180,2.268,9.7
28,200,2.254,9.61
28,220,2.181,9.6
28,240,2.19,9.88
28,260,2.2,9.77
28,280,2.186,9.76
28,300,2.143,9.87
28,320,2.166,9.9
28,340,2.142,9.77
28,360,2.166,9.78
28,380,2.093,9.62
28,400,2.161,9.76
28,420,2.179,9.77
28,440,2.177,10.02
28,460,2.141,10.05
28,480,2.111,9.92
28,500,2.142,9.44
28,520,2.123,9.73
28,540,2.155,9.47
28,560,2.109,9.82
28,580,2.102,9.68
28,600,2.097,9.73
28,620,2.119,9.65
28,640,2.151,9.81
28,660,2.112,9.6
28,680,2.135,9.73
28,700,2.15,9.86
28,720,2.124,10.14
28,740,2.102,9.95
28,760,2.125,9.85
28,780,2.09,10.19
28,800,2.125,9.85
28,820,2.134,9.76
28,840,2.127,9.87
28,860,2.146,9.76
28,880,2.113,9.73
28,900,2.166,10.0
28,920,2.142,9.76
28,940,2.155,9.86
28,960,2.175,9.89
28,980,2.094,10.1
28,1000,2.101,9.82
28,1020,2.069,9.86
28,1040,2.154,9.62
28,1060,2.146,9.92
28,1080,2.092,9.74
28,1100,2.165,9.84
28,1120,2.129,9.88
28,1140,2.135,10.05
28,1160,2.136,9.9
28,1180,2.171,9.84
28,1200,2.102,9.86
28,1220,2.152,9.98
28,1240,2.145,9.8
28,1260,2.023,10.04
28,1280,2.136,9.61
28,1300,2.174,9.73
28,1320,2.121,9.92
28,1340,2.112,9.88
28,1360,2.127,9.78
28,1380,2.077,10.02
28,1400,2.11,9.91
28,1420,2.101,9.89
28,1440,2.091,9.9
28,1460,2.116,9.87
28,1480,2.136,9.62
29,0,3.082,8.57
29,20,2.958,8.24
29,40,2.828,7.89
29,60,2.72,7.68
29,80,2.551,7.22
29,100,2.577,7.14
29,120,2.488,7.09
29,140,2.417,6.4
29,160,2.47,6.25
29,180,2.335,5.73
29,200,2.313,6.05
29,220,2.284,6.46
29,240,2.288,6.53
29,260,2.34,6.81
29,280,2.25,7.25
29,300,2.264,7.39
29,320,2.239,7.54
29,340,2.237,7.62
29,360,2.214,7.67
29,380,2.277,7.79
29,400,2.215,8.06
29,420,2.251,7.97
29,440,2.224,8.21
29,460,2.176,8.21
29,480,2.202,8.15
29,500,2.195,8.18
29,520,2.239,8.32
29,540,2.178,8.56
29,560,2.194,8.5
29,580,2.2,8.31
29,600,2.172,8.57
29,620,2.221,8.26
29,640,2.204,8.28
29,660,2.177,8.69
29,680,2.236,8.41
29,700,2.215,8.53
29,720,2.193,8.83
29,740,2.247,8.65
29,760,2.187,8.58
29,780,2.234,8.54
29,800,2.216,8.55
29,820,2.197,8.56
29,840,2.197,8.67
29,860,2.207,8.66
29,880,2.211,8.61
29,900,2.181,8.5
29,920,2.207,8.39
29,940,2.199,8.56
29,960,2.251,8.64
29,980,2.21,8.94
29,1000,2.147,8.41
29,1020,2.175,8.68
29,1040,2.182,8.51
29,1060,2.141,8.59
29,1080,2.156,8.72
29,1100,2.219,8.8
29,1120,2.195,8.36
29,1140,2.194,8.63
29,1160,2.239,8.64
29,1180,2.217,8.69
29,1200,2.217,8.53
29,1220,2.171,8.5
29,1240,2.192,8.79
29,1260,2.186,8.37
29,1280,2.165,8.63
29,1300,2.162,8.5
29,1320,2.21,8.54
29,1340,2.167,8.66
29,1360,2.203,8.39
29,1380,2.195,8.41
29,1400,2.178,8.9
29,1420,2.172,8.12
29,1440,2.178,8.69
29,1460,2.162,8.42
29,1480,2.224,8.56
30,0,3.168,8.54
30,20,2.924,8.81
30,40,2.746,8.01
30,60,2.64,8.32
30,80,2.559,8.3
30,100,2.414,8.4
30,120,2.307,8.06
30,140,2.253,7.99
30,160,2.206,8.31
30,180,2.179,8.42
30,200,2.159,8.42
30,220,2.098,8.28
30,240,2.073,8.44
30,260,2.106,8.18
30,280,2.003,8.45
30,300,2.02,8.53
30,320,1.987,8.63
30,340,1.989,8.26
30,360,1.998,8.46
30,380,1.967,8.56
30,400,2.007,8.65
30,420,1.97,8.63
30,440,1.966,8.69
30,460,1.947,8.84
30,480,2.033,8.68
30,500,1.986,8.64
30,520,1.958,8.69
30,540,1.994,8.66
30,560,1.981,8.59
30,580,1.984,8.58
30,600,1.999,8.92
30,620,2.003,8.56
30,640,1.962,8.55
30,660,2.007,8.72
30,680,1.992,8.64
30,700,2.001,8.87
30,720,1.991,8.85
30,740,1.999,8.86
30,760,1.965,8.72
30,780,2.01,8.84
30,800,1.984,8.5
30,820,2.02,8.79
30,840,1.958,8.71
30,860,2.003,8.95
30,880,2.042,8.57
30,900,2.005,8.91
30,920,1.993,8.6
30,940,2.017,8.64
30,960,1.984,8.85
30,980,1.977,8.93
30,1000,1.979,8.89
30,1020,1.988,8.75
30,1040,1.962,8.77
30,1060,2.017,8.55
30,1080,1.969,8.77
30,1100,2.005,9.07
30,1120,1.954,9.0
30,1140,1.976,8.74
30,1160,1.967,8.7
30,1180,1.982,8.7
30,1200,2.017,8.77
30,1220,2.015,8.78
30,1240,2.015,8.72
30,1260,1.964,8.72
30,1280,1.975,8.72
30,1300,1.958,8.54
30,1320,1.985,8.82
30,1340,2.032,8.67
30,1360,1.974,8.69
30,1380,1.977,8.72
30,1400,1.996,8.64
30,1420,1.945,8.86
30,1440,1.976,8.75
30,1460,1.948,8.87
30,1480,2.01,8.75
31,0,2.924,10.55
31,20,2.691,11.25
31,40,2.505,11.25
31,60,2.375,11.56
31,80,2.268,11.8
31,100,2.131,12.05
31,120,2.062,12.56
31,140,1.963,12.71
31,160,1.904,13.11
31,180,1.897,13.15
31,200,1.86,13.27
31,220,1.891,13.82
31,240,1.804,13.85
31,260,1.846,13.85
31,280,1.751,13.97
31,300,1.787,13.88
31,320,1.82,13.85
31,340,1.731,13.51
31,360,1.733,13.09
31,380,1.761,13.12
31,400,1.671,12.92
31,420,1.767,12.58
31,440,1.718,12.44
31,460,1.715,12.8
31,480,1.77,12.48
31,500,1.7,12.26
31,520,1.686,11.7
31,540,1.729,12.05
31,560,1.677,12.04
31,580,1.648,11.81
31,600,1.724,11.58
31,620,1.732,11.31
31,640,1.664,11.85
31,660,1.759,11.48
31,680,1.719,11.55
31,700,1.665,11.44
31,720,1.745,11.36
31,740,1.728,11.35
31,760,1.68,11.25
31,780,1.674,11.2
31,800,1.705,11.03
31,820,1.678,11.17
31,840,1.678,11.28
31,860,1.721,11.22
31,880,1.716,11.38
31,900,1.708,11.23
31,920,1.731,10.88
31,940,1.702,11.33
31,960,1.733,11.37
31,980,1.7,11.35
31,1000,1.707,10.9
31,1020,1.711,10.91
31,1040,1.71,10.97
31,1060,1.676,10.99
31,1080,1.744,10.91
31,1100,1.665,10.97
31,1120,1.696,10.67
31,1140,1.67,11.01
31,1160,1.722,10.69
31,1180,1.732,11.43
31,1200,1.702,10.8
31,1220,1.667,10.92
31,1240,1.701,10.73
31,1260,1.713,11.05
31,1280,1.721,10.83
31,1300,1.676,11.0
31,1320,1.725,10.74
31,1340,1.718,11.09
31,1360,1.749,11.09
31,1380,1.72,10.68
31,1400,1.739,11.11
31,1420,1.688,11.12
31,1440,1.729,11.01
31,1460,1.711,10.81
31,1480,1.68,10.7
32,0,3.087,7.13
32,20,2.93,7.15
32,40,2.805,7.33
32,60,2.655,7.42
32,80,2.591,7.94
32,100,2.432,8.35
32,120,2.42,8.37
32,140,2.437,9.01
32,160,2.391,9.19
32,180,2.328,8.84
32,200,2.256,8.72
32,220,2.256,8.44
32,240,2.263,8.37
32,260,2.217,8.06
32,280,2.236,7.71
32,300,2.211,7.85
32,320,2.188,7.84
32,340,2.179,7.52
32,360,2.198,7.53
32,380,2.174,7.42
32,400,2.171,7.25
32,420,2.16,7.13
32,440,2.183,7.42
32,460,2.169,7.28
32,480,2.139,7.4
32,500,2.151,7.3
32,520,2.167,7.25
32,540,2.18,7.1
32,560,2.134,7.06
32,580,2.132,7.07
32,600,2.151,7.14
32,620,2.179,6.92
32,640,2.163,7.16
32,660,2.195,7.04
32,680,2.175,7.03
32,700,2.184,6.9
32,720,2.183,7.04
32,740,2.145,7.01
32,760,2.161,6.87
32,780,2.128,6.97
32,800,2.198,7.23
32,820,2.103,6.73
32,840,2.172,6.8
32,860,2.131,7.43
32,880,2.207,6.98
32,900,2.2,6.95
32,920,2.166,7.16
32,940,2.195,7.15
32,960,2.162,6.81
32,980,2.168,6.92
32,1000,2.137,6.84
32,1020,2.166,7.02
32,1040,2.173,7.22
32,1060,2.206,7.23
32,1080,2.061,7.18
32,1100,2.181,6.9
32,1120,2.151,6.81
32,1140,2.168,7.11
32,1160,2.219,6.96
32,1180,2.2,6.95
32,1200,2.17,7.0
32,1220,2.141,6.96
32,1240,2.126,6.98
32,1260,2.17,7.1
32,1280,2.191,6.94
32,1300,2.108,6.85
32,1320,2.125,7.07
32,1340,2.172,6.8
32,1360,2.143,7.16
32,1380,2.212,6.88
32,1400,2.192,6.8
32,1420,2.145,7.07
32,1440,2.141,6.99
32,1460,2.162,6.91
32,1480,2.117,6.9
33,0,2.948,10.35
33,20,2.74,10.53
33,40,2.624,10.98
33,60,2.511,10.85
33,80,2.323,11.09
33,100,2.288,11.56
33,120,2.224,11.27
33,140,2.157,11.58
33,160,2.1,11.87
33,180,2.038,12.08
33,200,2.02,12.3
33,220,1.911,12.42
33,240,1.974,12.49
33,260,1.94,11.8
33,280,1.943,11.8
33,300,1.893,11.63
33,320,1.892,11.62
33,340,1.887,11.39
33,360,1.888,11.3
33,380,1.865,11.09
33,400,1.88,10.93
33,420,1.818,11.04
33,440,1.92,10.64
33,460,1.893,10.95
33,480,1.854,10.7
33,500,1.816,10.67
33,520,1.877,10.65
33,540,1.893,10.55
33,560,1.811,10.6
33,580,1.872,10.54
33,600,1.904,10.82
33,620,1.849,10.45
33,640,1.843,10.32
33,660,1.924,10.45
33,680,1.816,10.55
33,700,1.875,10.54
33,720,1.829,10.62
33,740,1.855,10.5
33,760,1.847,10.5
33,780,1.861,10.41
33,800,1.881,10.27
33,820,1.825,10.62
33,840,1.821,10.39
33,860,1.873,10.37
33,880,1.9,10.53
33,900,1.84,10.47
33,920,1.828,10.67
33,940,1.846,10.38
33,960,1.808,10.52
33,980,1.866,10.55
33,1000,1.811,10.29
33,1020,1.865,10.08
33,1040,1.902,10.64
33,1060,1.88,10.43
33,1080,1.913,10.58
33,1100,1.904,10.3
33,1120,1.882,10.36
33,1140,1.857,10.51
33,1160,1.859,10.15
33,1180,1.879,10.41
33,1200,1.835,10.28
33,1220,1.878,10.24
33,1240,1.875,10.59
33,1260,1.863,10.56
33,1280,1.861,10.25
33,1300,1.874,10.45
33,1320,1.881,10.53
33,1340,1.86,10.53
33,1360,1.822,10.39
33,1380,1.847,10.63
33,1400,1.89,10.31
33,1420,1.891,10.54
33,1440,1.804,10.42
33,1460,1.839,10.48
33,1480,1.836,10.33
34,0,3.031,6.55
34,20,2.816,6.71
34,40,2.651,7.0
34,60,2.455,7.02
34,80,2.305,7.58
34,100,2.22,7.65
34,120,2.203,7.93
34,140,2.1,8.14
34,160,2.019,8.58
34,180,1.946,8.53
34,200,1.917,8.48
34,220,1.855,7.86
34,240,1.892,7.91
34,260,1.85,7.4
34,280,1.808,7.55
34,300,1.867,7.54
34,320,1.83,7.14
34,340,1.79,6.65
34,360,1.829,7.05
34,380,1.813,7.04
34,400,1.779,6.65
34,420,1.768,6.74
34,440,1.802,6.64
34,460,1.806,6.74
34,480,1.769,6.4
34,500,1.811,6.54
34,520,1.845,6.55
34,540,1.788,6.62
34,560,1.77,6.53
34,580,1.753,6.73
34,600,1.779,6.64
34,620,1.822,6.72
34,640,1.732,6.74
34,660,1.715,6.41
34,680,1.757,6.41
34,700,1.805,6.27
34,720,1.794,6.43
34,740,1.781,6.49
34,760,1.78,6.26
34,780,1.756,6.48
34,800,1.761,6.68
34,820,1.781,6.54
34,840,1.782,6.36
34,860,1.742,6.16
34,880,1.802,6.71
34,900,1.769,6.2
34,920,1.754,6.49
34,940,1.775,6.31
34,960,1.764,6.41
34,980,1.746,6.34
34,1000,1.739,6.38
34,1020,1.769,6.3
34,1040,1.736,6.24
34,1060,1.778,6.47
34,1080,1.797,6.18
34,1100,1.766,6.37
34,1120,1.845,6.24
34,1140,1.796,6.46
34,1160,1.74,6.42
34,1180,1.828,6.4
34,1200,1.821,6.47
34,1220,1.76,6.32
34,1240,1.758,6.42
34,1260,1.771,6.49
34,1280,1.78,6.41
34,1300,1.803,6.72
34,1320,1.82,6.49
34,1340,1.801,6.47
34,1360,1.738,6.48
34,1380,1.752,6.7
34,1400,1.754,6.41
34,1420,1.825,6.61
34,1440,1.797,6.5
34,1460,1.777,6.45
34,1480,1.771,6.88
35,0,3.097,8.78
35,20,2.949,8.89
35,40,2.79,8.57
35,60,2.619,8.55
35,80,2.562,8.48
35,100,2.502,8.18
35,120,2.352,8.12
35,140,2.367,7.87
35,160,2.293,8.1
35,180,2.251,8.32
35,200,2.21,8.56
35,220,2.131,8.33
35,240,2.173,8.55
35,260,2.143,8.82
35,280,2.142,8.84
35,300,2.111,8.99
35,320,2.151,8.71
35,340,2.149,8.98
35,360,2.15,8.63
35,380,2.064,8.85
35,400,2.098,8.79
35,420,2.145,8.77
35,440,2.137,8.98
35,460,2.051,8.78
35,480,2.1,8.99
35,500,2.117,9.06
35,520,2.12,8.96
35,540,2.101,8.96
35,560,2.133,9.25
35,580,2.046,8.8
35,600,2.08,9.16
35,620,2.078,8.94
35,640,2.08,9.01
35,660,2.039,8.79
35,680,2.06,8.61
35,700,2.064,9.15
35,720,2.125,8.97
35,740,2.075,9.17
35,760,2.08,9.08
35,780,2.12,8.68
35,800,2.065,8.99
35,820,2.101,9.01
35,840,2.062,9.0
35,860,2.1,8.95
35,880,2.084,9.09
35,900,2.104,8.81
35,920,2.073,9.16
35,940,2.122,9.05
35,960,2.131,9.14
35,980,2.133,9.02
35,1000,2.066,9.18
35,1020,2.098,9.02
35,1040,2.081,8.87
35,1060,2.112,8.68
35,1080,2.125,9.1
35,1100,2.073,9.18
35,1120,2.137,8.95
35,1140,2.069,9.14
35,1160,2.084,8.62
35,1180,2.093,8.82
35,1200,2.047,9.12
35,1220,2.054,9.02
35,1240,2.092,9.35
35,1260,2.059,9.05
35,1280,2.062,8.66
35,1300,2.126,8.83
35,1320,2.116,8.81
35,1340,2.087,9.04
35,1360,2.074,8.6
35,1380,2.107,9.12
35,1400,2.048,9.0
35,1420,2.098,9.0
35,1440,2.104,8.9
35,1460,2.031,8.87
35,1480,2.07,8.88
36,0,2.887,6.44
36,20,2.527,6.74
36,40,2.331,6.55
36,60,2.065,7.34
36,80,1.981,7.59
36,100,1.889,7.58
36,120,1.753,7.88
36,140,1.624,8.12
36,160,1.561,8.76
36,180,1.513,8.5
36,200,1.488,9.0
36,220,1.403,9.24
36,240,1.413,9.83
36,260,1.364,9.68
36,280,1.354,10.01
36,300,1.292,10.06
36,320,1.313,10.57
36,340,1.277,10.48
36,360,1.326,10.39
36,380,1.323,9.81
36,400,1.283,9.2
36,420,1.31,8.91
36,440,1.238,8.68
36,460,1.285,8.22
36,480,1.239,7.96
36,500,1.341,7.66
36,520,1.278,7.66
36,540,1.277,7.51
36,560,1.316,7.31
36,580,1.29,7.3
36,600,1.284,7.18
36,620,1.256,6.97
36,640,1.222,7.01
36,660,1.275,6.83
36,680,1.254,6.87
36,700,1.265,7.12
36,720,1.223,6.68
36,740,1.307,6.64
36,760,1.228,6.7
36,780,1.273,6.68
36,800,1.294,6.58
36,820,1.279,6.58
36,840,1.223,6.48
36,860,1.22,6.5
36,880,1.29,6.76
36,900,1.29,6.46
36,920,1.254,6.41
36,940,1.254,6.9
36,960,1.22,6.26
36,980,1.258,6.65
36,1000,1.27,6.26
36,1020,1.27,6.48
36,1040,1.272,6.52
36,1060,1.206,6.64
36,1080,1.261,6.36
36,1100,1.256,6.49
36,1120,1.276,6.38
36,1140,1.302,6.44
36,1160,1.24,6.57
36,1180,1.267,6.48
36,1200,1.256,6.35
36,1220,1.267,6.61
36,1240,1.27,6.53
36,1260,1.274,6.25
36,1280,1.285,6.21
36,1300,1.248,6.52
36,1320,1.274,6.51
36,1340,1.291,6.44
36,1360,1.321,6.53
36,1380,1.278,6.61
36,1400,1.271,6.58
36,1420,1.301,6.47
36,1440,1.287,6.49
36,1460,1.266,6.33
36,1480,1.279,6.35
37,0,3.13,7.74
37,20,2.867,8.0
37,40,2.679,8.06
37,60,2.567,8.11
37,80,2.452,8.63
37,100,2.398,8.76
37,120,2.297,8.18
37,140,2.195,8.6
37,160,2.222,8.97
37,180,2.109,9.17
37,200,2.131,9.19
37,220,2.043,9.21
37,240,2.076,8.98
37,260,2.028,9.12
37,280,2.018,8.72
37,300,1.989,8.44
37,320,1.98,8.16
37,340,1.924,8.32
37,360,1.977,8.05
37,380,1.963,8.07
37,400,1.887,7.99
37,420,1.975,8.07
37,440,1.942,7.9
37,460,1.954,7.78
37,480,1.892,7.79
37,500,1.94,7.85
37,520,1.96,7.57
37,540,1.922,7.91
37,560,1.915,7.82
37,580,1.952,7.56
37,600,1.933,7.79
37,620,1.924,7.85
37,640,1.947,7.89
37,660,2.012,7.68
37,680,1.926,7.46
37,700,1.928,7.73
37,720,1.906,7.89
37,740,1.964,8.05
37,760,1.883,7.56
37,780,1.957,7.81
37,800,1.92,7.59
37,820,1.973,7.78
37,840,1.958,7.91
37,860,2.02,7.81
37,880,1.954,7.69
37,900,1.948,7.34
37,920,1.902,7.35
37,940,1.987,7.75
37,960,1.966,7.71
37,980,1.984,7.66
37,1000,1.949,7.67
37,1020,1.967,7.59
37,1040,1.936,7.61
37,1060,1.895,7.63
37,1080,1.934,7.56
37,1100,1.902,7.49
37,1120,1.92,7.94
37,1140,1.935,7.73
37,1160,1.918,7.81
37,1180,1.97,7.96
37,1200,2.012,7.59
37,1220,1.954,7.77
37,1240,1.905,7.62
37,1260,1.913,7.81
37,1280,1.921,7.59
37,1300,1.932,7.86
37,1320,1.959,7.77
37,1340,1.954,7.48
37,1360,1.949,7.67
37,1380,1.923,7.76
37,1400,1.925,7.88
37,1420,1.953,7.56
37,1440,1.917,7.6
37,1460,1.913,7.49
37,1480,1.911,7.77
38,0,2.974,7.45
38,20,2.739,7.52
38,40,2.545,7.57
38,60,2.454,7.39
38,80,2.331,7.26
38,100,2.161,7.06
38,120,2.134,7.09
38,140,2.155,7.41
38,160,2.027,6.97
38,180,2.017,7.1
38,200,1.926,7.16
38,220,1.94,7.34
38,240,1.946,6.9
38,260,1.899,7.25
38,280,1.898,7.69
38,300,1.803,7.41
38,320,1.858,7.47
38,340,1.85,7.59
38,360,1.848,7.21
38,380,1.906,7.34
38,400,1.831,7.69
38,420,1.835,7.68
38,440,1.788,7.54
38,460,1.819,7.59
38,480,1.852,7.61
38,500,1.839,7.7
38,520,1.831,7.51
38,540,1.811,7.41
38,560,1.845,7.41
38,580,1.811,7.42
38,600,1.815,7.24
38,620,1.803,7.52
38,640,1.852,7.76
38,660,1.754,7.34
38,680,1.817,7.66
38,700,1.824,7.31
38,720,1.821,7.46
38,740,1.795,7.44
38,760,1.79,7.48
38,780,1.824,7.5
38,800,1.842,7.44
38,820,1.834,7.34
38,840,1.882,7.58
38,860,1.79,7.51
38,880,1.827,7.43
38,900,1.757,7.47
38,920,1.79,7.5
38,940,1.786,7.62
38,960,1.841,7.6
38,980,1.818,7.7
38,1000,1.881,7.34
38,1020,1.805,7.4
38,1040,1.822,7.73
38,1060,1.839,7.51
38,1080,1.83,7.33
38,1100,1.81,7.61
38,1120,1.799,7.58
38,1140,1.824,7.24
38,1160,1.858,7.46
38,1180,1.822,7.27
38,1200,1.873,7.56
38,1220,1.841,7.59
38,1240,1.788,7.38
38,1260,1.852,7.68
38,1280,1.839,7.5
38,1300,1.797,7.7
38,1320,1.83,7.77
38,1340,1.824,7.12
38,1360,1.804,7.4
38,1380,1.824,7.36
38,1400,1.866,7.51
38,1420,1.812,7.79
38,1440,1.855,7.35
38,1460,1.823,7.64
38,1480,1.812,7.45
39,0,2.995,8.23
39,20,2.686,7.68
39,40,2.467,7.5
39,60,2.298,7.5
39,80,2.096,7.2
39,100,1.969,7.12
39,120,1.884,6.59
39,140,1.781,6.28
39,160,1.777,6.25
39,180,1.695,6.0
39,200,1.65,6.3
39,220,1.618,6.68
39,240,1.578,7.17
39,260,1.577,7.41
39,280,1.598,7.66
39,300,1.485,7.48
39,320,1.503,7.63
39,340,1.481,7.67
39,360,1.51,8.12
39,380,1.506,8.3
39,400,1.458,8.26
39,420,1.495,8.09
39,440,1.407,8.3
39,460,1.432,7.99
39,480,1.498,8.09
39,500,1.466,8.51
39,520,1.513,8.3
39,540,1.47,8.33
39,560,1.463,8.33
39,580,1.473,8.48
39,600,1.438,8.3
39,620,1.399,8.33
39,640,1.452,8.36
39,660,1.414,8.34
39,680,1.453,8.37
39,700,1.459,8.3
39,720,1.404,8.18
39,740,1.381,8.37
39,760,1.509,8.39
39,780,1.472,8.36
39,800,1.478,8.55
39,820,1.42,8.64
39,840,1.461,8.25
39,860,1.446,8.06
39,880,1.485,8.31
39,900,1.469,8.46
39,920,1.448,8.41
39,940,1.469,8.35
39,960,1.425,8.46
39,980,1.444,8.37
39,1000,1.481,8.34
39,1020,1.419,8.27
39,1040,1.429,8.17
39,1060,1.441,8.4
39,1080,1.469,8.22
39,1100,1.467,8.33
39,1120,1.503,8.63
39,1140,1.456,8.36
39,1160,1.485,8.47
39,1180,1.409,8.25
39,1200,1.453,8.43
39,1220,1.462,8.4
39,1240,1.431,8.2
39,1260,1.441,8.47
39,1280,1.438,8.19
39,1300,1.431,8.36
39,1320,1.471,8.57
39,1340,1.453,8.08
39,1360,1.545,8.54
39,1380,1.447,8.23
39,1400,1.463,8.1
39,1420,1.455,8.38
39,1440,1.47,8.14
39,1460,1.487,8.58
39,1480,1.445,8.36
40,0,2.92,10.62
40,20,2.673,11.01
40,40,2.49,11.11
40,60,2.396,11.34
40,80,2.229,11.14
40,100,2.197,11.62
40,120,2.15,11.59
40,140,2.085,11.57
40,160,2.081,11.44
40,180,1.978,11.59
40,200,1.904,11.39
40,220,1.91,11.37
40,240,1.867,11.13
40,260,1.904,11.14
40,280,1.805,11.19
40,300,1.832,10.98
40,320,1.832,11.01
40,340,1.819,10.93
40,360,1.797,10.82
40,380,1.804,11.04
40,400,1.71,11.09
40,420,1.787,11.09
40,440,1.812,10.75
40,460,1.794,10.97
40,480,1.829,11.1
40,500,1.726,11.05
40,520,1.814,11.06
40,540,1.813,10.91
40,560,1.746,10.98
40,580,1.786,10.77
40,600,1.775,10.79
40,620,1.776,10.86
40,640,1.79,11.05
40,660,1.766,10.81
40,680,1.736,10.81
40,700,1.792,10.91
40,720,1.772,10.85
40,740,1.821,10.73
40,760,1.755,10.69
40,780,1.76,10.8
40,800,1.821,10.49
40,820,1.786,10.86
40,840,1.802,10.9
40,860,1.792,10.87
40,880,1.724,10.78
40,900,1.792,10.96
40,920,1.778,10.85
40,940,1.754,10.81
40,960,1.777,10.73
40,980,1.784,11.06
40,1000,1.784,11.02
40,1020,1.769,10.77
40,1040,1.8,11.03
40,1060,1.761,10.85
40,1080,1.781,10.61
40,1100,1.764,10.84
40,1120,1.856,10.76
40,1140,1.821,10.95
40,1160,1.778,10.94
40,1180,1.763,10.94
40,1200,1.805,10.87
40,1220,1.756,10.64
40,1240,1.727,10.61
40,1260,1.741,10.84
40,1280,1.767,10.78
40,1300,1.765,10.71
40,1320,1.792,10.75
40,1340,1.806,11.13
40,1360,1.779,10.75
40,1380,1.758,10.81
40,1400,1.792,10.78
40,1420,1.776,10.66
40,1440,1.762,10.58
40,1460,1.754,10.75
40,1480,1.813,10.95
41,0,3.138,9.4
41,20,2.885,8.94
41,40,2.624,8.79
41,60,2.482,8.63
41,80,2.319,8.5
41,100,2.214,7.85
41,120,2.19,7.77
41,140,2.128,7.65
41,160,2.05,7.29
41,180,1.983,7.05
41,200,1.911,6.81
41,220,1.911,6.06
41,240,1.905,5.98
41,260,1.875,6.05
41,280,1.843,6.02
41,300,1.855,5.48
41,320,1.798,5.23
41,340,1.744,4.96
41,360,1.809,5.05
41,380,1.803,4.87
41,400,1.803,5.8
41,420,1.743,6.11
41,440,1.746,6.46
41,460,1.714,6.87
41,480,1.799,7.05
41,500,1.758,7.24
41,520,1.723,7.46
41,540,1.719,7.8
41,560,1.754,7.9
41,580,1.723,7.92
41,600,1.805,8.16
41,620,1.698,8.38
41,640,1.681,8.5
41,660,1.765,8.63
41,680,1.774,8.72
41,700,1.783,8.52
41,720,1.763,9.01
41,740,1.736,8.87
41,760,1.74,8.78
41,780,1.774,8.99
41,800,1.733,9.05
41,820,1.754,8.92
41,840,1.79,9.02
41,860,1.745,9.15
41,880,1.696,9.12
41,900,1.772,9.48
41,920,1.729,9.12
41,940,1.778,9.03
41,960,1.687,9.11
41,980,1.715,9.15
41,1000,1.781,9.24
41,1020,1.753,9.62
41,1040,1.72,9.55
41,1060,1.816,9.14
41,1080,1.724,9.27
41,1100,1.735,9.32
41,1120,1.759,9.15
41,1140,1.709,9.36
41,1160,1.726,9.31
41,1180,1.774,9.51
41,1200,1.752,9.04
41,1220,1.737,9.41
41,1240,1.781,8.99
41,1260,1.76,9.36
41,1280,1.76,9.29
41,1300,1.772,9.08
41,1320,1.741,9.17
41,1340,1.701,9.21
41,1360,1.734,9.24
41,1380,1.764,9.1
41,1400,1.749,9.4
41,1420,1.786,9.23
41,1440,1.764,9.39
41,1460,1.699,9.24
41,1480,1.736,9.25
42,0,2.881,9.09
42,20,2.713,9.11
42,40,2.539,9.29
42,60,2.298,9.55
42,80,2.257,9.41
42,100,2.055,9.64
42,120,1.938,9.31
42,140,1.908,9.73
42,160,1.833,9.55
42,180,1.82,9.36
42,200,1.774,9.41
42,220,1.782,9.1
42,240,1.733,9.47
42,260,1.705,8.93
42,280,1.673,8.99
42,300,1.678,9.34
42,320,1.689,9.25
42,340,1.599,9.14
42,360,1.616,9.01
42,380,1.577,9.2
42,400,1.602,9.18
42,420,1.57,8.98
42,440,1.604,8.96
42,460,1.614,9.0
42,480,1.545,8.78
42,500,1.621,8.86
42,520,1.587,8.98
42,540,1.604,9.09
42,560,1.54,8.92
42,580,1.536,8.94
42,600,1.559,8.98
42,620,1.587,9.03
42,640,1.6,8.93
42,660,1.525,9.41
42,680,1.551,9.34
42,700,1.551,8.78
42,720,1.586,9.09
42,740,1.562,8.88
42,760,1.597,8.86
42,780,1.571,9.16
42,800,1.567,8.87
42,820,1.577,8.63
42,840,1.567,9.03
42,860,1.612,8.9
42,880,1.59,9.02
42,900,1.583,9.05
42,920,1.537,9.17
42,940,1.51,8.97
42,960,1.638,8.91
42,980,1.545,8.78
42,1000,1.604,8.96
42,1020,1.562,9.07
42,1040,1.577,9.23
42,1060,1.626,9.14
42,1080,1.533,8.82
42,1100,1.584,9.05
42,1120,1.586,8.98
42,1140,1.625,8.96
42,1160,1.616,8.52
42,1180,1.574,9.01
42,1200,1.615,8.82
42,1220,1.581,8.8
42,1240,1.529,9.14
42,1260,1.588,9.02
42,1280,1.564,9.03
42,1300,1.609,9.06
42,1320,1.641,8.93
42,1340,1.558,8.8
42,1360,1.572,9.15
42,1380,1.565,8.83
42,1400,1.602,9.2
42,1420,1.522,8.83
42,1440,1.586,9.19
42,1460,1.551,8.91
42,1480,1.539,8.66
43,0,2.984,10.17
43,20,2.694,10.25
43,40,2.462,10.01
43,60,2.232,9.7
43,80,2.115,9.89
43,100,2.007,9.74
43,120,1.872,9.68
43,140,1.812,9.85
43,160,1.729,9.96
43,180,1.692,9.77
43,200,1.621,10.16
43,220,1.627,10.14
43,240,1.609,10.04
43,260,1.587,9.87
43,280,1.505,9.9
43,300,1.502,9.8
43,320,1.462,10.02
43,340,1.46,9.96
43,360,1.416,9.86
43,380,1.454,9.84
43,400,1.428,10.16
43,420,1.433,9.89
43,440,1.387,10.06
43,460,1.417,9.94
43,480,1.439,10.03
43,500,1.461,9.98
43,520,1.476,10.12
43,540,1.458,10.19
43,560,1.401,9.97
43,580,1.458,10.06
43,600,1.407,10.25
43,620,1.438,10.16
43,640,1.392,10.35
43,660,1.421,10.0
43,680,1.427,10.18
43,700,1.427,10.2
43,720,1.429,10.07
43,740,1.39,10.03
43,760,1.446,10.14
43,780,1.44,10.3
43,800,1.452,10.31
43,820,1.44,10.19
43,840,1.43,10.1
43,860,1.405,10.24
43,880,1.405,10.01
43,900,1.385,10.06
43,920,1.5,10.12
43,940,1.408,10.23
43,960,1.468,10.26
43,980,1.385,9.92
43,1000,1.445,10.31
43,1020,1.423,10.24
43,1040,1.452,10.25
43,1060,1.366,10.06
43,1080,1.413,10.37
43,1100,1.426,9.96
43,1120,1.417,10.31
43,1140,1.381,10.07
43,1160,1.438,10.07
43,1180,1.426,10.19
43,1200,1.426,10.2
43,1220,1.411,10.47
43,1240,1.464,10.23
43,1260,1.396,10.08
43,1280,1.384,9.99
43,1300,1.446,10.22
43,1320,1.43,10.01
43,1340,1.425,10.27
43,1360,1.46,10.31
43,1380,1.414,10.34
43,1400,1.391,10.31
43,1420,1.459,10.24
43,1440,1.414,10.21
43,1460,1.424,10.39
43,1480,1.341,10.09
44,0,2.857,10.0
44,20,2.632,10.25
44,40,2.476,9.74
44,60,2.358,9.41
44,80,2.227,8.93
44,100,2.196,8.78
44,120,2.069,8.58
44,140,1.987,8.08
44,160,1.978,7.79
44,180,1.967,7.79
44,200,1.899,7.21
44,220,1.864,6.89
44,240,1.781,6.66
44,260,1.787,6.65
44,280,1.822,5.92
44,300,1.768,5.91
44,320,1.823,5.52
44,340,1.756,6.21
44,360,1.786,6.32
44,380,1.784,7.14
44,400,1.75,7.39
44,420,1.76,7.62
44,440,1.784,8.08
44,460,1.683,8.31
44,480,1.751,8.32
44,500,1.709,8.09
44,520,1.766,8.72
44,540,1.73,8.9
44,560,1.718,9.19
44,580,1.719,9.25
44,600,1.758,9.39
44,620,1.73,9.25
44,640,1.741,9.76
44,660,1.692,9.61
44,680,1.72,9.35
44,700,1.694,9.89
44,720,1.734,9.71
44,740,1.765,10.16
44,760,1.669,9.98
44,780,1.661,9.92
44,800,1.701,9.98
44,820,1.731,10.01
44,840,1.728,9.83
44,860,1.755,10.06
44,880,1.769,10.09
44,900,1.695,10.04
44,920,1.706,10.1
44,940,1.729,10.16
44,960,1.783,9.94
44,980,1.755,10.2
44,1000,1.732,10.39
44,1020,1.744,10.44
44,1040,1.745,10.04
44,1060,1.762,10.23
44,1080,1.711,10.14
44,1100,1.725,10.11
44,1120,1.705,10.19
44,1140,1.725,10.22
44,1160,1.77,9.9
44,1180,1.697,10.5
44,1200,1.737,9.98
44,1220,1.73,10.37
44,1240,1.694,10.25
44,1260,1.74,10.16
44,1280,1.767,10.14
44,1300,1.71,10.25
44,1320,1.746,10.19
44,1340,1.733,10.3
44,1360,1.704,9.86
44,1380,1.735,10.5
44,1400,1.685,10.52
44,1420,1.772,9.96
44,1440,1.683,10.14
44,1460,1.716,10.21
44,1480,1.788,10.08
45,0,3.094,10.38
45,20,2.926,10.65
45,40,2.646,10.95
45,60,2.521,11.45
45,80,2.394,11.56
45,100,2.234,11.95
45,120,2.203,12.12
45,140,2.172,12.65
45,160,2.104,12.68
45,180,2.027,12.37
45,200,1.969,12.24
45,220,2.017,11.83
45,240,1.964,11.59
45,260,1.912,11.22
45,280,1.876,11.38
45,300,1.881,11.11
45,320,1.798,11.1
45,340,1.873,10.81
45,360,1.853,11.05
45,380,1.895,10.88
45,400,1.817,10.59
45,420,1.819,10.96
45,440,1.815,10.78
45,460,1.872,10.61
45,480,1.792,10.73
45,500,1.848,10.72
45,520,1.81,10.6
45,540,1.821,10.5
45,560,1.789,10.61
45,580,1.846,10.66
45,600,1.827,10.5
45,620,1.827,10.48
45,640,1.831,10.55
45,660,1.791,10.47
45,680,1.799,10.29
45,700,1.789,10.66
45,720,1.741,10.19
45,740,1.75,10.38
45,760,1.786,10.5
45,780,1.848,10.61
45,800,1.82,10.35
45,820,1.81,10.69
45,840,1.809,10.28
45,860,1.819,10.47
45,880,1.849,10.61
45,900,1.81,10.57
45,920,1.805,10.55
45,940,1.835,10.42
45,960,1.815,10.43
45,980,1.844,10.45
45,1000,1.824,10.49
45,1020,1.858,10.67
45,1040,1.85,10.19
45,1060,1.84,10.46
45,1080,1.862,10.6
45,1100,1.817,10.69
45,1120,1.821,10.54
45,1140,1.82,10.37
45,1160,1.825,10.37
45,1180,1.856,10.3
45,1200,1.803,10.54
45,1220,1.849,10.64
45,1240,1.772,10.52
45,1260,1.856,10.64
45,1280,1.839,10.68
45,1300,1.796,10.4
45,1320,1.801,10.61
45,1340,1.829,10.72
45,1360,1.825,10.39
45,1380,1.826,10.58
45,1400,1.823,10.71
45,1420,1.791,10.52
45,1440,1.783,10.37
45,1460,1.855,10.82
45,1480,1.804,10.26
46,0,2.891,10.8
46,20,2.583,11.02
46,40,2.315,11.11
46,60,2.206,11.15
46,80,2.014,11.5
46,100,1.924,12.11
46,120,1.808,12.19
46,140,1.749,11.98
46,160,1.671,12.4
46,180,1.602,12.7
46,200,1.561,12.9
46,220,1.522,12.93
46,240,1.506,12.57
46,260,1.488,12.46
46,280,1.438,12.12
46,300,1.425,12.08
46,320,1.428,11.71
46,340,1.415,11.57
46,360,1.366,11.55
46,380,1.42,11.49
46,400,1.348,11.17
46,420,1.331,11.25
46,440,1.363,11.22
46,460,1.359,10.97
46,480,1.353,10.92
46,500,1.41,11.07
46,520,1.422,10.95
46,540,1.324,10.92
46,560,1.325,10.7
46,580,1.371,10.87
46,600,1.362,11.09
46,620,1.416,11.0
46,640,1.402,10.57
46,660,1.303,10.9
46,680,1.369,10.56
46,700,1.339,10.83
46,720,1.351,10.56
46,740,1.416,10.73
46,760,1.338,11.17
46,780,1.342,10.61
46,800,1.313,10.89
46,820,1.372,10.68
46,840,1.319,10.65
46,860,1.351,11.04
46,880,1.328,10.68
46,900,1.347,10.74
46,920,1.367,10.92
46,940,1.369,10.77
46,960,1.289,10.5
46,980,1.379,10.7
46,1000,1.357,10.73
46,1020,1.304,10.79
46,1040,1.423,10.8
46,1060,1.365,10.7
46,1080,1.334,10.77
46,1100,1.297,10.71
46,1120,1.338,10.96
46,1140,1.311,10.97
46,1160,1.37,10.52
46,1180,1.288,10.71
46,1200,1.325,10.53
46,1220,1.327,10.75
46,1240,1.348,11.07
46,1260,1.298,10.68
46,1280,1.381,10.62
46,1300,1.312,10.85
46,1320,1.383,10.9
46,1340,1.333,10.78
46,1360,1.353,10.44
46,1380,1.344,10.69
46,1400,1.34,10.91
46,1420,1.324,10.91
46,1440,1.359,10.96
46,1460,1.382,10.71
46,1480,1.372,10.8
47,0,2.841,7.77
47,20,2.599,7.99
47,40,2.346,8.27
47,60,2.091,8.41
47,80,1.967,8.55
47,100,1.823,8.62
47,120,1.793,9.28
47,140,1.607,9.43
47,160,1.561,9.42
47,180,1.522,9.66
47,200,1.471,10.07
47,220,1.411,9.88
47,240,1.407,10.26
47,260,1.402,10.26
47,280,1.314,10.49
47,300,1.396,10.73
47,320,1.338,11.0
47,340,1.314,11.09
47,360,1.307,11.43
47,380,1.291,11.25
47,400,1.276,11.11
47,420,1.316,10.6
47,440,1.337,10.25
47,460,1.195,10.33
47,480,1.323,9.99
47,500,1.258,10.08
47,520,1.299,9.62
47,540,1.288,9.61
47,560,1.276,9.43
47,580,1.278,9.41
47,600,1.246,9.28
47,620,1.302,8.91
47,640,1.253,9.09
47,660,1.234,8.8
47,680,1.278,8.64
47,700,1.247,8.43
47,720,1.284,8.63
47,740,1.323,8.72
47,760,1.251,8.5
47,780,1.236,8.5
47,800,1.255,8.29
47,820,1.256,8.25
47,840,1.245,8.08
47,860,1.271,8.2
47,880,1.284,8.41
47,900,1.289,7.93
47,920,1.297,7.82
47,940,1.224,8.1
47,960,1.275,7.87
47,980,1.283,7.82
47,1000,1.291,8.17
47,1020,1.259,7.96
47,1040,1.26,7.76
47,1060,1.268,7.97
47,1080,1.226,7.89
47,1100,1.21,8.1
47,1120,1.29,8.04
47,1140,1.292,7.8
47,1160,1.251,7.83
47,1180,1.272,7.92
47,1200,1.293,8.02
47,1220,1.261,7.66
47,1240,1.296,7.75
47,1260,1.26,7.79
47,1280,1.272,7.66
47,1300,1.342,7.76
47,1320,1.26,7.64
47,1340,1.282,7.92
47,1360,1.23,7.93
47,1380,1.274,7.97
47,1400,1.258,8.05
47,1420,1.275,7.86
47,1440,1.296,7.9
47,1460,1.233,7.77
47,1480,1.21,7.73
48,0,2.992,8.93
48,20,2.727,9.17
48,40,2.556,9.33
48,60,2.389,9.55
48,80,2.19,9.9
48,100,2.061,10.0
48,120,2.069,10.43
48,140,1.917,10.44
48,160,1.847,10.79
48,180,1.811,10.65
48,200,1.722,10.18
48,220,1.716,10.2
48,240,1.702,9.99
48,260,1.63,9.97
48,280,1.674,9.54
48,300,1.632,9.54
48,320,1.558,9.6
48,340,1.609,9.55
48,360,1.63,9.06
48,380,1.632,9.46
48,400,1.602,9.1
48,420,1.535,9.17
48,440,1.543,9.44
48,460,1.568,9.33
48,480,1.559,9.03
48,500,1.618,9.18
48,520,1.544,8.97
48,540,1.582,8.82
48,560,1.512,8.58
48,580,1.568,8.9
48,600,1.546,8.82
48,620,1.546,8.62
48,640,1.566,8.85
48,660,1.498,8.95
48,680,1.493,9.1
48,700,1.543,8.93
48,720,1.573,9.0
48,740,1.546,8.82
48,760,1.553,8.6
48,780,1.527,8.73
48,800,1.556,8.67
48,820,1.581,8.78
48,840,1.511,8.76
48,860,1.556,8.72
48,880,1.595,8.56
48,900,1.551,8.8
48,920,1.575,8.85
48,940,1.532,8.93
48,960,1.614,8.73
48,980,1.525,8.52
48,1000,1.582,8.7
48,1020,1.564,8.87
48,1040,1.565,8.7
48,1060,1.538,8.69
48,1080,1.533,8.72
48,1100,1.561,8.68
48,1120,1.53,8.88
48,1140,1.568,8.76
48,1160,1.598,8.85
48,1180,1.565,8.79
48,1200,1.525,8.93
48,1220,1.514,8.67
48,1240,1.549,8.89
48,1260,1.559,8.87
48,1280,1.574,8.86
48,1300,1.577,8.77
48,1320,1.513,8.92
48,1340,1.601,8.79
48,1360,1.554,9.37
48,1380,1.506,8.83
48,1400,1.553,8.85
48,1420,1.608,8.75
48,1440,1.525,8.86
48,1460,1.577,8.67
48,1480,1.527,8.74
49,0,3.107,8.58
49,20,2.881,8.66
49,40,2.723,9.13
49,60,2.66,9.57
49,80,2.565,9.1
49,100,2.471,9.11
49,120,2.385,9.13
49,140,2.385,9.19
49,160,2.341,8.82
49,180,2.259,8.61
49,200,2.247,8.71
49,220,2.229,8.51
49,240,2.141,8.72
49,260,2.209,8.61
49,280,2.155,8.61
49,300,2.211,8.9
49,320,2.137,8.81
49,340,2.068,8.71
49,360,2.112,8.46
49,380,2.17,8.32
49,400,2.128,8.72
49,420,2.118,8.45
49,440,2.101,8.78
49,460,2.126,8.54
49,480,2.09,8.53
49,500,2.069,8.66
49,520,2.108,8.67
49,540,2.088,8.69
49,560,2.127,8.6
49,580,2.097,8.4
49,600,2.105,8.55
49,620,2.159,8.41
49,640,2.158,8.21
49,660,2.123,8.67
49,680,2.07,8.56
49,700,2.088,8.65
49,720,2.081,8.65
49,740,2.059,8.66
49,760,2.133,8.67
49,780,2.118,8.53
49,800,2.067,8.53
49,820,2.187,8.7
49,840,2.118,8.3
49,860,2.085,8.47
49,880,2.133,8.47
49,900,2.101,8.4
49,920,2.102,8.63
49,940,2.046,8.36
49,960,2.147,8.4
49,980,2.07,8.6
49,1000,2.047,8.69
49,1020,2.109,8.48
49,1040,2.078,8.45
49,1060,2.128,8.4
49,1080,2.086,8.54
49,1100,2.091,8.55
49,1120,2.088,8.63
49,1140,2.074,8.7
49,1160,2.089,8.54
49,1180,2.035,8.52
49,1200,2.082,8.69
49,1220,2.084,8.57
49,1240,2.136,8.39
49,1260,2.098,8.3
49,1280,2.109,8.49
49,1300,2.108,8.58
49,1320,2.106,8.77
49,1340,2.069,8.49
49,1360,2.124,8.48
49,1380,2.107,8.58
49,1400,2.146,8.56
49,1420,2.133,8.71
49,1440,2.107,8.4
49,1460,2.121,8.75
49,1480,2.068,8.53
50,0,2.885,8.35
50,20,2.736,8.5
50,40,2.639,8.65
50,60,2.54,8.94
50,80,2.385,9.08
50,100,2.338,8.84
50,120,2.247,8.72
50,140,2.188,8.68
50,160,2.213,8.94
50,180,2.166,8.53
50,200,2.134,8.83
50,220,2.125,8.69
50,240,2.075,8.72
50,260,2.071,8.65
50,280,2.064,8.86
50,300,2.039,8.54
50,320,2.037,8.61
50,340,1.996,8.65
50,360,2.02,8.51
50,380,2.02,8.23
50,400,2.058,8.4
50,420,1.968,8.23
50,440,2.034,8.34
50,460,2.027,8.46
50,480,2.016,8.44
50,500,2.006,8.43
50,520,2.029,8.46
50,540,1.988,8.36
50,560,2.001,8.39
50,580,1.986,8.53
50,600,1.971,8.43
50,620,2.003,8.64
50,640,1.94,8.49
50,660,1.995,8.29
50,680,2.02,8.5
50,700,1.983,8.29
50,720,1.981,8.61
50,740,2.018,8.45
50,760,1.959,8.4
50,780,1.998,8.6
50,800,2.006,8.4
50,820,1.987,8.51
50,840,2.001,8.13
50,860,2.003,8.14
50,880,2.005,8.4
50,900,1.989,8.37
50,920,2.036,8.38
50,940,2.016,8.37
50,960,2.031,8.48
50,980,2.032,8.41
50,1000,1.987,8.29
50,1020,1.915,8.29
50,1040,2.025,8.07
50,1060,2.023,8.45
50,1080,1.996,8.37
50,1100,1.974,8.4
50,1120,1.958,8.46
50,1140,2.052,8.39
50,1160,2.021,8.3
50,1180,2.026,8.67
50,1200,2.0,8.63
50,1220,1.984,8.32
50,1240,1.978,8.48
50,1260,2.043,8.44
50,1280,2.018,8.52
50,1300,2.001,8.4
50,1320,2.0,8.71
50,1340,2.017,8.42
50,1360,1.988,8.1
50,1380,2.038,8.41
50,1400,2.019,8.2
50,1420,2.021,8.41
50,1440,2.023,8.17
50,1460,2.041,8.29
50,1480,2.0,8.45
51,0,2.899,10.07
51,20,2.636,10.11
51,40,2.514,9.88
51,60,2.42,9.44
51,80,2.198,9.46
51,100,2.162,9.15
51,120,2.072,8.98
51,140,2.039,8.62
51,160,2.009,8.42
51,180,1.945,8.42
51,200,1.907,8.04
51,220,1.879,7.92
51,240,1.852,7.45
51,260,1.837,7.13
51,280,1.788,7.62
51,300,1.83,6.91
51,320,1.763,6.69
51,340,1.79,6.56
51,360,1.765,6.51
51,380,1.765,6.34
51,400,1.777,6.76
51,420,1.74,7.45
51,440,1.759,7.42
51,460,1.716,7.81
51,480,1.701,7.97
51,500,1.733,8.4
51,520,1.765,8.89
51,540,1.719,8.65
51,560,1.711,8.91
51,580,1.784,9.11
51,600,1.729,9.21
51,620,1.705,9.08
51,640,1.745,9.49
51,660,1.706,9.6
51,680,1.733,9.79
51,700,1.715,9.45
51,720,1.746,9.7
51,740,1.774,9.6
51,760,1.773,9.9
51,780,1.739,10.16
51,800,1.765,9.89
51,820,1.78,9.77
51,840,1.735,10.05
51,860,1.708,9.92
51,880,1.761,10.07
51,900,1.678,10.13
51,920,1.763,10.05
51,940,1.743,10.45
51,960,1.747,10.24
51,980,1.713,10.14
51,1000,1.707,10.08
51,1020,1.773,10.29
51,1040,1.728,10.21
51,1060,1.814,10.39
51,1080,1.764,9.99
51,1100,1.757,10.28
51,1120,1.793,10.37
51,1140,1.812,10.25
51,1160,1.77,10.1
51,1180,1.705,10.06
51,1200,1.769,10.34
51,1220,1.764,10.2
51,1240,1.781,10.18
51,1260,1.753,10.07
51,1280,1.754,10.34
51,1300,1.744,10.3
51,1320,1.703,9.91
51,1340,1.768,10.45
51,1360,1.749,10.5
51,1380,1.743,10.55
51,1400,1.733,10.46
51,1420,1.774,10.22
51,1440,1.793,10.09
51,1460,1.747,10.58
51,1480,1.731,10.51
52,0,2.884,7.66
52,20,2.577,8.02
52,40,2.383,8.22
52,60,2.161,8.42
52,80,2.06,8.28
52,100,1.849,8.2
52,120,1.801,8.06
52,140,1.724,8.46
52,160,1.647,8.34
52,180,1.556,7.99
52,200,1.548,8.41
52,220,1.501,8.1
52,240,1.495,7.88
52,260,1.439,8.14
52,280,1.419,8.42
52,300,1.436,7.86
52,320,1.402,8.04
52,340,1.432,7.89
52,360,1.337,7.96
52,380,1.351,8.21
52,400,1.374,8.0
52,420,1.377,7.94
52,440,1.286,8.24
52,460,1.367,8.15
52,480,1.322,8.27
52,500,1.369,7.78
52,520,1.381,7.97
52,540,1.345,8.18
52,560,1.418,8.33
52,580,1.372,8.29
52,600,1.384,7.87
52,620,1.404,7.89
52,640,1.293,7.75
52,660,1.318,7.82
52,680,1.336,8.12
52,700,1.359,7.66
52,720,1.374,7.87
52,740,1.324,7.62
52,760,1.366,8.04
52,780,1.329,8.12
52,800,1.312,7.88
52,820,1.279,8.0
52,840,1.363,7.81
52,860,1.38,7.9
52,880,1.372,8.01
52,900,1.344,7.83
52,920,1.341,8.09
52,940,1.373,7.99
52,960,1.388,7.72
52,980,1.392,7.83
52,1000,1.382,7.96
52,1020,1.378,7.67
52,1040,1.288,8.0
52,1060,1.386,8.05
52,1080,1.347,7.84
52,1100,1.358,8.19
52,1120,1.405,7.79
52,1140,1.375,7.87
52,1160,1.339,7.86
52,1180,1.403,7.84
52,1200,1.309,8.06
52,1220,1.36,8.02
52,1240,1.354,7.67
52,1260,1.412,7.85
52,1280,1.336,7.71
52,1300,1.379,7.92
52,1320,1.352,7.95
52,1340,1.338,7.93
52,1360,1.298,7.83
52,1380,1.346,7.99
52,1400,1.287,7.86
52,1420,1.296,7.94
52,1440,1.329,7.88
52,1460,1.294,8.02
52,1480,1.36,7.91
53,0,3.013,7.91
53,20,2.801,7.79
53,40,2.574,7.36
53,60,2.376,7.16
53,80,2.239,6.99
53,100,2.163,6.58
53,120,2.127,6.4
53,140,2.023,6.05
53,160,2.008,5.88
53,180,1.898,5.55
53,200,1.913,5.52
53,220,1.86,4.81
53,240,1.855,4.83
53,260,1.826,4.63
53,280,1.762,4.4
53,300,1.852,4.43
53,320,1.804,4.55
53,340,1.78,5.13
53,360,1.735,4.92
53,380,1.751,5.45
53,400,1.772,5.93
53,420,1.767,5.83
53,440,1.748,6.48
53,460,1.79,6.3
53,480,1.713,6.69
53,500,1.694,6.83
53,520,1.732,6.84
53,540,1.727,6.94
53,560,1.758,7.17
53,580,1.752,7.0
53,600,1.748,7.27
53,620,1.73,7.2
53,640,1.796,7.41
53,660,1.728,7.53
53,680,1.751,7.34
53,700,1.762,7.42
53,720,1.752,7.68
53,740,1.717,7.9
53,760,1.796,7.82
53,780,1.75,7.92
53,800,1.733,7.49
53,820,1.748,7.6
53,840,1.721,7.6
53,860,1.73,7.84
53,880,1.667,7.84
53,900,1.734,7.93
53,920,1.734,7.79
53,940,1.727,7.62
53,960,1.756,7.94
53,980,1.762,7.92
53,1000,1.723,7.63
53,1020,1.763,8.32
53,1040,1.744,7.77
53,1060,1.736,7.77
53,1080,1.745,7.92
53,1100,1.814,7.81
53,1120,1.739,7.67
53,1140,1.718,7.85
53,1160,1.724,7.73
53,1180,1.733,7.51
53,1200,1.775,7.83
53,1220,1.758,7.96
53,1240,1.725,7.99
53,1260,1.768,8.0
53,1280,1.68,8.14
53,1300,1.733,7.87
53,1320,1.757,7.9
53,1340,1.737,7.91
53,1360,1.774,7.95
53,1380,1.728,8.08
53,1400,1.757,8.06
53,1420,1.766,7.75
53,1440,1.742,7.9
53,1460,1.647,7.9
53,1480,1.727,7.93
54,0,3.068,7.9
54,20,2.901,7.72
54,40,2.786,7.34
54,60,2.593,7.05
54,80,2.528,6.83
54,100,2.403,6.83
54,120,2.403,6.53
54,140,2.317,6.1
54,160,2.253,5.97
54,180,2.202,5.86
54,200,2.212,5.5
54,220,2.132,5.26
54,240,2.126,4.89
54,260,2.153,4.5
54,280,2.131,4.34
54,300,2.101,4.16
54,320,2.132,3.76
54,340,2.128,3.73
54,360,2.025,3.56
54,380,2.047,3.81
54,400,2.086,4.32
54,420,2.105,4.81
54,440,2.014,5.08
54,460,2.084,5.53
54,480,2.119,5.62
54,500,2.028,5.79
54,520,2.005,6.12
54,540,2.064,6.12
54,560,2.058,6.3
54,580,2.051,6.45
54,600,2.035,6.88
54,620,1.979,6.75
54,640,2.087,6.95
54,660,2.058,7.13
54,680,1.987,7.14
54,700,2.035,7.14
54,720,2.057,7.26
54,740,2.038,7.26
54,760,2.111,7.29
54,780,2.04,7.43
54,800,2.029,7.68
54,820,2.037,7.58
54,840,2.044,7.31
54,860,2.01,7.49
54,880,2.047,7.62
54,900,2.096,7.73
54,920,2.045,7.81
54,940,2.038,7.54
54,960,2.042,7.91
54,980,1.989,8.2
54,1000,2.028,7.94
54,1020,2.052,7.9
54,1040,2.104,7.92
54,1060,1.979,7.79
54,1080,2.069,7.84
54,1100,2.064,7.87
54,1120,2.054,7.96
54,1140,2.113,7.99
54,1160,2.082,7.68
54,1180,1.992,7.95
54,1200,2.024,7.89
54,1220,2.046,7.7
54,1240,2.044,8.03
54,1260,2.085,7.56
54,1280,2.011,8.17
54,1300,2.037,7.52
54,1320,2.018,8.13
54,1340,2.035,7.87
54,1360,2.045,8.01
54,1380,2.057,7.82
54,1400,2.082,7.7
54,1420,2.046,7.83
54,1440,2.052,7.76
54,1460,2.032,7.53
54,1480,2.079,7.57
55,0,2.99,6.15
55,20,2.753,5.81
55,40,2.548,5.38
55,60,2.45,4.88
55,80,2.357,4.43
55,100,2.236,4.3
55,120,2.149,4.06
55,140,2.014,3.55
55,160,2.045,3.27
55,180,1.992,2.64
55,200,1.983,2.49
55,220,1.907,1.9
55,240,1.875,1.77
55,260,1.82,1.48
55,280,1.866,1.61
55,300,1.829,2.49
55,320,1.853,2.86
55,340,1.838,3.24
55,360,1.828,3.22
55,380,1.868,3.78
55,400,1.887,3.78
55,420,1.782,4.22
55,440,1.845,4.39
55,460,1.786,4.61
55,480,1.836,4.87
55,500,1.856,4.9
55,520,1.731,5.34
55,540,1.858,5.14
55,560,1.846,5.31
55,580,1.757,5.41
55,600,1.8,5.31
55,620,1.798,5.67
55,640,1.783,5.46
55,660,1.805,5.62
55,680,1.794,5.98
55,700,1.817,5.5
55,720,1.803,5.76
55,740,1.812,5.65
55,760,1.782,5.71
55,780,1.827,5.73
55,800,1.795,5.62
55,820,1.82,5.82
55,840,1.825,5.85
55,860,1.81,5.78
55,880,1.8,5.95
55,900,1.813,6.16
55,920,1.83,5.98
55,940,1.79,6.01
55,960,1.864,6.1
55,980,1.816,5.88
55,1000,1.8,5.99
55,1020,1.778,5.7
55,1040,1.84,5.87
55,1060,1.837,5.82
55,1080,1.792,5.85
55,1100,1.78,5.94
55,1120,1.839,5.77
55,1140,1.833,6.18
55,1160,1.824,6.16
55,1180,1.774,6.2
55,1200,1.841,6.1
55,1220,1.792,6.07
55,1240,1.789,5.89
55,1260,1.708,5.95
55,1280,1.843,6.09
55,1300,1.802,6.12
55,1320,1.79,5.92
55,1340,1.756,6.24
55,1360,1.752,6.37
55,1380,1.777,6.16
55,1400,1.733,5.96
55,1420,1.81,6.17
55,1440,1.782,6.19
55,1460,1.803,6.23
55,1480,1.782,6.0
56,0,2.998,6.17
56,20,2.79,5.82
56,40,2.583,5.6
56,60,2.433,5.42
56,80,2.324,5.45
56,100,2.221,4.99
56,120,2.126,4.93
56,140,2.074,4.29
56,160,2.079,4.27
56,180,1.998,4.01
56,200,1.953,3.87
56,220,1.903,3.43
56,240,1.829,3.08
56,260,1.879,3.05
56,280,1.84,2.86
56,300,1.822,3.03
56,320,1.837,2.36
56,340,1.779,1.97
56,360,1.801,2.41
56,380,1.779,2.95
56,400,1.811,2.99
56,420,1.776,3.41
56,440,1.784,3.8
56,460,1.787,3.98
56,480,1.759,4.06
56,500,1.786,4.28
56,520,1.729,4.3
56,540,1.763,4.82
56,560,1.732,4.75
56,580,1.768,5.03
56,600,1.746,4.91
56,620,1.806,5.21
56,640,1.793,5.22
56,660,1.731,5.16
56,680,1.794,5.31
56,700,1.742,5.5
56,720,1.801,5.69
56,740,1.774,5.48
56,760,1.756,5.74
56,780,1.743,5.43
56,800,1.795,5.85
56,820,1.831,5.72
56,840,1.731,5.97
56,860,1.788,5.94
56,880,1.787,5.79
56,900,1.749,5.88
56,920,1.757,5.98
56,940,1.768,6.02
56,960,1.79,6.16
56,980,1.776,6.07
56,1000,1.711,6.24
56,1020,1.811,6.26
56,1040,1.843,6.06
56,1060,1.741,5.9
56,1080,1.776,6.39
56,1100,1.758,5.87
56,1120,1.762,6.18
56,1140,1.811,6.31
56,1160,1.738,6.37
56,1180,1.805,6.1
56,1200,1.81,6.18
56,1220,1.81,6.16
56,1240,1.774,6.23
56,1260,1.769,6.12
56,1280,1.752,6.31
56,1300,1.773,6.3
56,1320,1.802,6.22
56,1340,1.792,6.12
56,1360,1.751,6.4
56,1380,1.729,6.11
56,1400,1.752,6.35
56,1420,1.771,6.32
56,1440,1.766,6.33
56,1460,1.785,6.33
56,1480,1.825,6.0
57,0,3.066,6.55
57,20,2.839,6.22
57,40,2.598,6.15
57,60,2.402,6.26
57,80,2.268,6.25
57,100,2.169,6.02
57,120,2.092,6.41
57,140,2.053,6.21
57,160,1.985,6.04
57,180,1.857,6.08
57,200,1.87,6.09
57,220,1.8,5.83
57,240,1.821,6.17
57,260,1.786,6.3
57,280,1.785,6.12
57,300,1.774,6.03
57,320,1.769,6.02
57,340,1.778,6.12
57,360,1.704,6.2
57,380,1.734,6.13
57,400,1.703,6.11
57,420,1.68,6.36
57,440,1.688,6.17
57,460,1.678,6.11
57,480,1.651,6.32
57,500,1.698,6.33
57,520,1.694,6.36
57,540,1.665,5.99
57,560,1.686,6.39
57,580,1.738,6.18
57,600,1.648,6.54
57,620,1.705,6.34
57,640,1.625,6.61
57,660,1.677,6.47
57,680,1.679,6.4
57,700,1.746,6.63
57,720,1.659,6.34
57,740,1.7,6.77
57,760,1.721,6.23
57,780,1.677,6.36
57,800,1.635,6.55
57,820,1.692,6.53
57,840,1.692,6.45
57,860,1.663,6.15
57,880,1.702,6.46
57,900,1.637,6.39
57,920,1.662,6.36
57,940,1.701,6.29
57,960,1.641,6.45
57,980,1.703,6.39
57,1000,1.681,6.44
57,1020,1.651,6.41
57,1040,1.69,6.69
57,1060,1.631,6.28
57,1080,1.668,6.15
57,1100,1.669,6.57
57,1120,1.656,6.37
57,1140,1.754,6.64
57,1160,1.675,6.0
57,1180,1.701,6.49
57,1200,1.672,6.34
57,1220,1.732,6.52
57,1240,1.665,6.15
57,1260,1.656,6.49
57,1280,1.726,6.34
57,1300,1.67,6.46
57,1320,1.645,6.49
57,1340,1.7,6.44
57,1360,1.705,6.6
57,1380,1.68,6.44
57,1400,1.723,6.38
57,1420,1.702,6.61
57,1440,1.661,6.43
57,1460,1.673,6.22
57,1480,1.691,6.54
58,0,2.943,10.73
58,20,2.63,11.16
58,40,2.576,11.3
58,60,2.488,11.59
58,80,2.415,12.13
58,100,2.367,12.09
58,120,2.252,12.34
58,140,2.199,12.79
58,160,2.134,13.11
58,180,2.128,13.36
58,200,2.147,13.72
58,220,2.107,14.06
58,240,2.063,14.25
58,260,2.099,14.47
58,280,2.08,14.84
58,300,2.032,15.14
58,320,2.024,15.11
58,340,2.012,14.28
58,360,2.019,14.12
58,380,2.05,13.84
58,400,2.003,13.66
58,420,1.959,13.31
58,440,2.103,13.17
58,460,1.952,12.63
58,480,1.958,12.3
58,500,1.999,12.59
58,520,1.969,12.43
58,540,1.954,12.45
58,560,1.971,12.29
58,580,1.998,11.94
58,600,2.003,11.91
58,620,1.979,11.7
58,640,2.012,11.95
58,660,2.012,11.24
58,680,1.984,11.84
58,700,2.015,11.21
58,720,1.961,11.84
58,740,1.992,11.27
58,760,2.02,11.33
58,780,1.959,11.15
58,800,2.003,11.11
58,820,1.972,11.15
58,840,2.006,11.34
58,860,2.009,10.89
58,880,1.989,11.2
58,900,1.989,11.18
58,920,1.945,11.16
58,940,1.983,11.0
58,960,2.008,11.18
58,980,1.965,10.78
58,1000,2.05,11.09
58,1020,1.966,10.95
58,1040,1.997,10.83
58,1060,1.977,11.03
58,1080,2.003,11.02
58,1100,1.982,11.12
58,1120,2.002,10.83
58,1140,2.001,11.09
58,1160,1.977,10.87
58,1180,1.975,10.94
58,1200,2.0,10.76
58,1220,1.985,11.02
58,1240,2.028,10.97
58,1260,1.986,11.18
58,1280,2.011,11.17
58,1300,1.909,11.02
58,1320,2.01,10.94
58,1340,1.997,11.16
58,1360,2.0,10.81
58,1380,2.005,10.94
58,1400,2.002,10.9
58,1420,1.966,11.02
58,1440,2.0,10.81
58,1460,1.978,10.97
58,1480,2.011,11.2
59,0,2.918,8.22
59,20,2.797,7.47
59,40,2.566,7.15
59,60,2.417,6.74
59,80,2.364,6.74
59,100,2.21,6.22
59,120,2.088,5.79
59,140,2.013,5.53
59,160,2.009,5.19
59,180,1.927,5.1
59,200,1.932,4.32
59,220,1.859,4.14
59,240,1.925,3.7
59,260,1.852,3.71
59,280,1.808,3.75
59,300,1.797,4.09
59,320,1.827,4.97
59,340,1.85,5.26
59,360,1.759,5.59
59,380,1.814,5.92
59,400,1.831,6.27
59,420,1.776,6.59
59,440,1.8,6.59
59,460,1.83,6.76
59,480,1.801,7.15
59,500,1.774,7.33
59,520,1.818,7.13
59,540,1.808,7.05
59,560,1.829,7.33
59,580,1.777,7.45
59,600,1.763,7.58
59,620,1.778,7.61
59,640,1.73,7.66
59,660,1.733,7.67
59,680,1.743,8.17
59,700,1.775,7.96
59,720,1.756,7.97
59,740,1.774,8.31
59,760,1.797,8.18
59,780,1.74,7.87
59,800,1.74,7.91
59,820,1.725,8.12
59,840,1.75,8.12
59,860,1.729,8.1
59,880,1.805,8.3
59,900,1.758,8.22
59,920,1.734,8.14
59,940,1.743,8.28
59,960,1.737,8.14
59,980,1.747,8.35
59,1000,1.765,8.0
59,1020,1.745,8.05
59,1040,1.728,8.39
59,1060,1.764,8.12
59,1080,1.762,8.16
59,1100,1.775,8.39
59,1120,1.736,8.23
59,1140,1.74,8.12
59,1160,1.8,8.23
59,1180,1.782,7.96
59,1200,1.792,7.97
59,1220,1.772,8.1
59,1240,1.753,8.28
59,1260,1.755,8.28
59,1280,1.736,8.12
59,1300,1.782,8.1
59,1320,1.813,8.17
59,1340,1.777,8.19
59,1360,1.752,8.01
59,1380,1.699,8.17
59,1400,1.751,8.19
59,1420,1.778,8.11
59,1440,1.767,8.16
59,1460,1.749,8.15
59,1480,1.741,8.0
60,0,3.081,10.95
60,20,2.802,10.62
60,40,2.531,10.48
60,60,2.371,10.14
60,80,2.267,10.15
60,100,2.15,10.32
60,120,2.059,10.76
60,140,1.958,10.45
60,160,1.899,10.53
60,180,1.872,10.59
60,200,1.822,10.59
60,220,1.721,10.79
60,240,1.761,10.65
60,260,1.694,10.71
60,280,1.708,10.48
60,300,1.719,10.75
60,320,1.649,10.9
60,340,1.671,10.67
60,360,1.719,10.67
60,380,1.614,10.66
60,400,1.632,10.84
60,420,1.663,10.72
60,440,1.634,11.01
60,460,1.634,11.0
60,480,1.645,10.82
60,500,1.605,10.68
60,520,1.62,10.58
60,540,1.653,10.87
60,560,1.619,10.87
60,580,1.632,10.88
60,600,1.607,10.82
60,620,1.641,10.83
60,640,1.646,11.05
60,660,1.593,10.75
60,680,1.59,10.91
60,700,1.597,11.17
60,720,1.639,10.85
60,740,1.58,10.99
60,760,1.616,10.92
60,780,1.58,10.91
60,800,1.636,10.91
60,820,1.587,10.83
60,840,1.632,10.67
60,860,1.645,10.84
60,880,1.637,10.97
60,900,1.645,10.9
60,920,1.585,11.08
60,940,1.638,10.56
60,960,1.612,10.97
60,980,1.64,10.69
60,1000,1.567,11.12
60,1020,1.613,10.71
60,1040,1.654,11.07
60,1060,1.627,10.77
60,1080,1.639,10.86
60,1100,1.63,10.8
60,1120,1.622,10.85
60,1140,1.574,10.77
60,1160,1.656,10.91
60,1180,1.638,10.81
60,1200,1.628,10.97
60,1220,1.639,10.89
60,1240,1.6,10.64
60,1260,1.6,11.12
60,1280,1.584,10.77
60,1300,1.582,10.72
60,1320,1.64,10.61
60,1340,1.627,10.88
60,1360,1.619,10.82
60,1380,1.633,10.85
60,1400,1.63,10.67
60,1420,1.606,10.77
60,1440,1.619,10.89
60,1460,1.58,10.9
60,1480,1.619,11.03
